"Treatment","Sex","BrainRegion","MouseID","SlideNumber","Cluster","n","percentage"
"COLD","F","ARC","MR138","s06","Ameboid",10,0.384615384615385
"COLD","F","ARC","MR138","s06","Rod-Like",3,0.115384615384615
"COLD","F","ARC","MR138","s06","Ramified",13,0.5
"COLD","F","ARC","MR138","s07","Ameboid",17,0.26984126984127
"COLD","F","ARC","MR138","s07","Rod-Like",15,0.238095238095238
"COLD","F","ARC","MR138","s07","Ramified",31,0.492063492063492
"COLD","F","ARC","MR138","s08","Ameboid",11,0.354838709677419
"COLD","F","ARC","MR138","s08","Rod-Like",9,0.290322580645161
"COLD","F","ARC","MR138","s08","Ramified",11,0.354838709677419
"COLD","F","ARC","MR138","s09","Ameboid",9,0.45
"COLD","F","ARC","MR138","s09","Rod-Like",4,0.2
"COLD","F","ARC","MR138","s09","Ramified",7,0.35
"COLD","F","ARC","MR138","s10","Ameboid",16,0.432432432432432
"COLD","F","ARC","MR138","s10","Rod-Like",7,0.189189189189189
"COLD","F","ARC","MR138","s10","Ramified",14,0.378378378378378
"COLD","F","ARC","MR139","s07","Ameboid",12,0.272727272727273
"COLD","F","ARC","MR139","s07","Rod-Like",7,0.159090909090909
"COLD","F","ARC","MR139","s07","Ramified",25,0.568181818181818
"COLD","F","ARC","MR139","s08","Ameboid",21,0.253012048192771
"COLD","F","ARC","MR139","s08","Rod-Like",8,0.0963855421686747
"COLD","F","ARC","MR139","s08","Ramified",54,0.650602409638554
"COLD","F","ARC","MR139","s09","Ameboid",22,0.478260869565217
"COLD","F","ARC","MR139","s09","Rod-Like",11,0.239130434782609
"COLD","F","ARC","MR139","s09","Ramified",13,0.282608695652174
"COLD","F","ARC","MR139","s10","Ameboid",17,0.472222222222222
"COLD","F","ARC","MR139","s10","Rod-Like",5,0.138888888888889
"COLD","F","ARC","MR139","s10","Ramified",14,0.388888888888889
"COLD","F","ARC","MR139","s11","Ameboid",13,0.333333333333333
"COLD","F","ARC","MR139","s11","Rod-Like",12,0.307692307692308
"COLD","F","ARC","MR139","s11","Ramified",14,0.358974358974359
"COLD","F","ARC","MR196","s06","Ameboid",14,0.241379310344828
"COLD","F","ARC","MR196","s06","Rod-Like",18,0.310344827586207
"COLD","F","ARC","MR196","s06","Ramified",26,0.448275862068966
"COLD","F","ARC","MR196","s07","Ameboid",21,0.304347826086957
"COLD","F","ARC","MR196","s07","Rod-Like",9,0.130434782608696
"COLD","F","ARC","MR196","s07","Ramified",39,0.565217391304348
"COLD","F","ARC","MR196","s08","Ameboid",14,0.325581395348837
"COLD","F","ARC","MR196","s08","Rod-Like",16,0.372093023255814
"COLD","F","ARC","MR196","s08","Ramified",13,0.302325581395349
"COLD","F","ARC","MR196","s09","Ameboid",15,0.428571428571429
"COLD","F","ARC","MR196","s09","Rod-Like",10,0.285714285714286
"COLD","F","ARC","MR196","s09","Ramified",10,0.285714285714286
"COLD","F","ARC","MR196","s10","Ameboid",23,0.348484848484849
"COLD","F","ARC","MR196","s10","Rod-Like",24,0.363636363636364
"COLD","F","ARC","MR196","s10","Ramified",19,0.287878787878788
"COLD","F","ARC","MR198","s06","Ameboid",15,0.288461538461538
"COLD","F","ARC","MR198","s06","Rod-Like",11,0.211538461538462
"COLD","F","ARC","MR198","s06","Ramified",26,0.5
"COLD","F","ARC","MR198","s07","Ameboid",26,0.361111111111111
"COLD","F","ARC","MR198","s07","Rod-Like",8,0.111111111111111
"COLD","F","ARC","MR198","s07","Ramified",38,0.527777777777778
"COLD","F","ARC","MR198","s08","Ameboid",10,0.263157894736842
"COLD","F","ARC","MR198","s08","Rod-Like",12,0.31578947368421
"COLD","F","ARC","MR198","s08","Ramified",16,0.421052631578947
"COLD","F","ARC","MR198","s09","Ameboid",14,0.4
"COLD","F","ARC","MR198","s09","Rod-Like",9,0.257142857142857
"COLD","F","ARC","MR198","s09","Ramified",12,0.342857142857143
"COLD","F","ARC","MR198","s10","Ameboid",15,0.46875
"COLD","F","ARC","MR198","s10","Rod-Like",6,0.1875
"COLD","F","ARC","MR198","s10","Ramified",11,0.34375
"COLD","F","ARC","MR284","s04","Ameboid",13,0.295454545454545
"COLD","F","ARC","MR284","s04","Rod-Like",11,0.25
"COLD","F","ARC","MR284","s04","Ramified",20,0.454545454545455
"COLD","F","ARC","MR284","s05","Ameboid",30,0.348837209302326
"COLD","F","ARC","MR284","s05","Rod-Like",15,0.174418604651163
"COLD","F","ARC","MR284","s05","Ramified",41,0.476744186046512
"COLD","F","ARC","MR284","s06","Ameboid",15,0.441176470588235
"COLD","F","ARC","MR284","s06","Rod-Like",7,0.205882352941176
"COLD","F","ARC","MR284","s06","Ramified",12,0.352941176470588
"COLD","F","ARC","MR284","s07","Ameboid",19,0.558823529411765
"COLD","F","ARC","MR284","s07","Rod-Like",10,0.294117647058824
"COLD","F","ARC","MR284","s07","Ramified",5,0.147058823529412
"COLD","F","ARC","MR284","s08","Ameboid",12,0.3
"COLD","F","ARC","MR284","s08","Rod-Like",15,0.375
"COLD","F","ARC","MR284","s08","Ramified",13,0.325
"COLD","F","ARC","MR290","s05","Ameboid",5,0.208333333333333
"COLD","F","ARC","MR290","s05","Rod-Like",5,0.208333333333333
"COLD","F","ARC","MR290","s05","Ramified",14,0.583333333333333
"COLD","F","ARC","MR290","s06","Ameboid",14,0.291666666666667
"COLD","F","ARC","MR290","s06","Rod-Like",8,0.166666666666667
"COLD","F","ARC","MR290","s06","Ramified",26,0.541666666666667
"COLD","F","ARC","MR290","s07","Ameboid",11,0.366666666666667
"COLD","F","ARC","MR290","s07","Rod-Like",6,0.2
"COLD","F","ARC","MR290","s07","Ramified",13,0.433333333333333
"COLD","F","ARC","MR290","s09","Ameboid",10,0.3125
"COLD","F","ARC","MR290","s09","Rod-Like",6,0.1875
"COLD","F","ARC","MR290","s09","Ramified",16,0.5
"COLD","F","ARC","MR290","s10","Ameboid",15,0.365853658536585
"COLD","F","ARC","MR290","s10","Rod-Like",13,0.317073170731707
"COLD","F","ARC","MR290","s10","Ramified",13,0.317073170731707
"COLD","F","HYPO","MR138","s01","Ameboid",33,0.383720930232558
"COLD","F","HYPO","MR138","s01","Rod-Like",22,0.255813953488372
"COLD","F","HYPO","MR138","s01","Ramified",31,0.36046511627907
"COLD","F","HYPO","MR138","s02","Ameboid",25,0.337837837837838
"COLD","F","HYPO","MR138","s02","Rod-Like",22,0.297297297297297
"COLD","F","HYPO","MR138","s02","Ramified",27,0.364864864864865
"COLD","F","HYPO","MR138","s03","Ameboid",20,0.210526315789474
"COLD","F","HYPO","MR138","s03","Rod-Like",24,0.252631578947368
"COLD","F","HYPO","MR138","s03","Ramified",51,0.536842105263158
"COLD","F","HYPO","MR138","s04","Ameboid",25,0.167785234899329
"COLD","F","HYPO","MR138","s04","Rod-Like",29,0.194630872483221
"COLD","F","HYPO","MR138","s04","Ramified",95,0.63758389261745
"COLD","F","HYPO","MR138","s05","Ameboid",35,0.202312138728324
"COLD","F","HYPO","MR138","s05","Rod-Like",36,0.208092485549133
"COLD","F","HYPO","MR138","s05","Ramified",102,0.589595375722543
"COLD","F","HYPO","MR138","s06","Ameboid",25,0.176056338028169
"COLD","F","HYPO","MR138","s06","Rod-Like",41,0.288732394366197
"COLD","F","HYPO","MR138","s06","Ramified",76,0.535211267605634
"COLD","F","HYPO","MR138","s07","Ameboid",29,0.163841807909605
"COLD","F","HYPO","MR138","s07","Rod-Like",50,0.282485875706215
"COLD","F","HYPO","MR138","s07","Ramified",98,0.553672316384181
"COLD","F","HYPO","MR138","s08","Ameboid",41,0.238372093023256
"COLD","F","HYPO","MR138","s08","Rod-Like",32,0.186046511627907
"COLD","F","HYPO","MR138","s08","Ramified",99,0.575581395348837
"COLD","F","HYPO","MR138","s09","Ameboid",30,0.31578947368421
"COLD","F","HYPO","MR138","s09","Rod-Like",26,0.273684210526316
"COLD","F","HYPO","MR138","s09","Ramified",39,0.410526315789474
"COLD","F","HYPO","MR138","s10","Ameboid",27,0.3375
"COLD","F","HYPO","MR138","s10","Rod-Like",18,0.225
"COLD","F","HYPO","MR138","s10","Ramified",35,0.4375
"COLD","F","HYPO","MR138","s11","Ameboid",18,0.236842105263158
"COLD","F","HYPO","MR138","s11","Rod-Like",18,0.236842105263158
"COLD","F","HYPO","MR138","s11","Ramified",40,0.526315789473684
"COLD","F","HYPO","MR138","s12","Ameboid",36,0.4
"COLD","F","HYPO","MR138","s12","Rod-Like",20,0.222222222222222
"COLD","F","HYPO","MR138","s12","Ramified",34,0.377777777777778
"COLD","F","HYPO","MR139","s01","Ameboid",17,0.288135593220339
"COLD","F","HYPO","MR139","s01","Rod-Like",13,0.220338983050847
"COLD","F","HYPO","MR139","s01","Ramified",29,0.491525423728814
"COLD","F","HYPO","MR139","s02","Ameboid",37,0.366336633663366
"COLD","F","HYPO","MR139","s02","Rod-Like",28,0.277227722772277
"COLD","F","HYPO","MR139","s02","Ramified",36,0.356435643564356
"COLD","F","HYPO","MR139","s03","Ameboid",40,0.338983050847458
"COLD","F","HYPO","MR139","s03","Rod-Like",32,0.271186440677966
"COLD","F","HYPO","MR139","s03","Ramified",46,0.389830508474576
"COLD","F","HYPO","MR139","s04","Ameboid",36,0.253521126760563
"COLD","F","HYPO","MR139","s04","Rod-Like",48,0.338028169014085
"COLD","F","HYPO","MR139","s04","Ramified",58,0.408450704225352
"COLD","F","HYPO","MR139","s05","Ameboid",45,0.277777777777778
"COLD","F","HYPO","MR139","s05","Rod-Like",41,0.253086419753086
"COLD","F","HYPO","MR139","s05","Ramified",76,0.469135802469136
"COLD","F","HYPO","MR139","s06","Ameboid",43,0.26219512195122
"COLD","F","HYPO","MR139","s06","Rod-Like",45,0.274390243902439
"COLD","F","HYPO","MR139","s06","Ramified",76,0.463414634146341
"COLD","F","HYPO","MR139","s07","Ameboid",78,0.393939393939394
"COLD","F","HYPO","MR139","s07","Rod-Like",59,0.297979797979798
"COLD","F","HYPO","MR139","s07","Ramified",61,0.308080808080808
"COLD","F","HYPO","MR139","s08","Ameboid",74,0.336363636363636
"COLD","F","HYPO","MR139","s08","Rod-Like",52,0.236363636363636
"COLD","F","HYPO","MR139","s08","Ramified",94,0.427272727272727
"COLD","F","HYPO","MR139","s09","Ameboid",53,0.30635838150289
"COLD","F","HYPO","MR139","s09","Rod-Like",45,0.260115606936416
"COLD","F","HYPO","MR139","s09","Ramified",75,0.433526011560694
"COLD","F","HYPO","MR139","s10","Ameboid",33,0.351063829787234
"COLD","F","HYPO","MR139","s10","Rod-Like",25,0.265957446808511
"COLD","F","HYPO","MR139","s10","Ramified",36,0.382978723404255
"COLD","F","HYPO","MR139","s11","Ameboid",37,0.318965517241379
"COLD","F","HYPO","MR139","s11","Rod-Like",35,0.301724137931034
"COLD","F","HYPO","MR139","s11","Ramified",44,0.379310344827586
"COLD","F","HYPO","MR139","s12","Ameboid",28,0.282828282828283
"COLD","F","HYPO","MR139","s12","Rod-Like",27,0.272727272727273
"COLD","F","HYPO","MR139","s12","Ramified",44,0.444444444444444
"COLD","F","HYPO","MR196","s01","Ameboid",17,0.232876712328767
"COLD","F","HYPO","MR196","s01","Rod-Like",22,0.301369863013699
"COLD","F","HYPO","MR196","s01","Ramified",34,0.465753424657534
"COLD","F","HYPO","MR196","s02","Ameboid",45,0.375
"COLD","F","HYPO","MR196","s02","Rod-Like",34,0.283333333333333
"COLD","F","HYPO","MR196","s02","Ramified",41,0.341666666666667
"COLD","F","HYPO","MR196","s03","Ameboid",28,0.354430379746835
"COLD","F","HYPO","MR196","s03","Rod-Like",23,0.291139240506329
"COLD","F","HYPO","MR196","s03","Ramified",28,0.354430379746835
"COLD","F","HYPO","MR196","s04","Ameboid",41,0.305970149253731
"COLD","F","HYPO","MR196","s04","Rod-Like",29,0.216417910447761
"COLD","F","HYPO","MR196","s04","Ramified",64,0.477611940298507
"COLD","F","HYPO","MR196","s05","Ameboid",30,0.227272727272727
"COLD","F","HYPO","MR196","s05","Rod-Like",39,0.295454545454545
"COLD","F","HYPO","MR196","s05","Ramified",63,0.477272727272727
"COLD","F","HYPO","MR196","s06","Ameboid",36,0.264705882352941
"COLD","F","HYPO","MR196","s06","Rod-Like",48,0.352941176470588
"COLD","F","HYPO","MR196","s06","Ramified",52,0.382352941176471
"COLD","F","HYPO","MR196","s07","Ameboid",44,0.217821782178218
"COLD","F","HYPO","MR196","s07","Rod-Like",57,0.282178217821782
"COLD","F","HYPO","MR196","s07","Ramified",101,0.5
"COLD","F","HYPO","MR196","s08","Ameboid",36,0.36
"COLD","F","HYPO","MR196","s08","Rod-Like",20,0.2
"COLD","F","HYPO","MR196","s08","Ramified",44,0.44
"COLD","F","HYPO","MR196","s09","Ameboid",24,0.31578947368421
"COLD","F","HYPO","MR196","s09","Rod-Like",22,0.289473684210526
"COLD","F","HYPO","MR196","s09","Ramified",30,0.394736842105263
"COLD","F","HYPO","MR196","s10","Ameboid",15,0.230769230769231
"COLD","F","HYPO","MR196","s10","Rod-Like",19,0.292307692307692
"COLD","F","HYPO","MR196","s10","Ramified",31,0.476923076923077
"COLD","F","HYPO","MR196","s11","Ameboid",28,0.354430379746835
"COLD","F","HYPO","MR196","s11","Rod-Like",19,0.240506329113924
"COLD","F","HYPO","MR196","s11","Ramified",32,0.40506329113924
"COLD","F","HYPO","MR196","s12","Ameboid",27,0.296703296703297
"COLD","F","HYPO","MR196","s12","Rod-Like",33,0.362637362637363
"COLD","F","HYPO","MR196","s12","Ramified",31,0.340659340659341
"COLD","F","HYPO","MR198","s01","Ameboid",29,0.261261261261261
"COLD","F","HYPO","MR198","s01","Rod-Like",24,0.216216216216216
"COLD","F","HYPO","MR198","s01","Ramified",58,0.522522522522523
"COLD","F","HYPO","MR198","s02","Ameboid",38,0.262068965517241
"COLD","F","HYPO","MR198","s02","Rod-Like",29,0.2
"COLD","F","HYPO","MR198","s02","Ramified",78,0.537931034482759
"COLD","F","HYPO","MR198","s03","Ameboid",38,0.269503546099291
"COLD","F","HYPO","MR198","s03","Rod-Like",27,0.191489361702128
"COLD","F","HYPO","MR198","s03","Ramified",76,0.539007092198582
"COLD","F","HYPO","MR198","s04","Ameboid",33,0.253846153846154
"COLD","F","HYPO","MR198","s04","Rod-Like",26,0.2
"COLD","F","HYPO","MR198","s04","Ramified",71,0.546153846153846
"COLD","F","HYPO","MR198","s05","Ameboid",31,0.246031746031746
"COLD","F","HYPO","MR198","s05","Rod-Like",46,0.365079365079365
"COLD","F","HYPO","MR198","s05","Ramified",49,0.388888888888889
"COLD","F","HYPO","MR198","s06","Ameboid",43,0.27741935483871
"COLD","F","HYPO","MR198","s06","Rod-Like",46,0.296774193548387
"COLD","F","HYPO","MR198","s06","Ramified",66,0.425806451612903
"COLD","F","HYPO","MR198","s07","Ameboid",67,0.305936073059361
"COLD","F","HYPO","MR198","s07","Rod-Like",59,0.269406392694064
"COLD","F","HYPO","MR198","s07","Ramified",93,0.424657534246575
"COLD","F","HYPO","MR198","s08","Ameboid",58,0.339181286549708
"COLD","F","HYPO","MR198","s08","Rod-Like",64,0.374269005847953
"COLD","F","HYPO","MR198","s08","Ramified",49,0.286549707602339
"COLD","F","HYPO","MR198","s09","Ameboid",61,0.393548387096774
"COLD","F","HYPO","MR198","s09","Rod-Like",37,0.238709677419355
"COLD","F","HYPO","MR198","s09","Ramified",57,0.367741935483871
"COLD","F","HYPO","MR198","s10","Ameboid",45,0.401785714285714
"COLD","F","HYPO","MR198","s10","Rod-Like",28,0.25
"COLD","F","HYPO","MR198","s10","Ramified",39,0.348214285714286
"COLD","F","HYPO","MR198","s11","Ameboid",37,0.300813008130081
"COLD","F","HYPO","MR198","s11","Rod-Like",44,0.357723577235772
"COLD","F","HYPO","MR198","s11","Ramified",42,0.341463414634146
"COLD","F","HYPO","MR198","s12","Ameboid",36,0.375
"COLD","F","HYPO","MR198","s12","Rod-Like",25,0.260416666666667
"COLD","F","HYPO","MR198","s12","Ramified",35,0.364583333333333
"COLD","F","HYPO","MR284","s01","Ameboid",67,0.443708609271523
"COLD","F","HYPO","MR284","s01","Rod-Like",41,0.271523178807947
"COLD","F","HYPO","MR284","s01","Ramified",43,0.28476821192053
"COLD","F","HYPO","MR284","s02","Ameboid",46,0.407079646017699
"COLD","F","HYPO","MR284","s02","Rod-Like",39,0.345132743362832
"COLD","F","HYPO","MR284","s02","Ramified",28,0.247787610619469
"COLD","F","HYPO","MR284","s03","Ameboid",47,0.290123456790123
"COLD","F","HYPO","MR284","s03","Rod-Like",51,0.314814814814815
"COLD","F","HYPO","MR284","s03","Ramified",64,0.395061728395062
"COLD","F","HYPO","MR284","s04","Ameboid",68,0.330097087378641
"COLD","F","HYPO","MR284","s04","Rod-Like",57,0.276699029126214
"COLD","F","HYPO","MR284","s04","Ramified",81,0.393203883495146
"COLD","F","HYPO","MR284","s05","Ameboid",70,0.378378378378378
"COLD","F","HYPO","MR284","s05","Rod-Like",56,0.302702702702703
"COLD","F","HYPO","MR284","s05","Ramified",59,0.318918918918919
"COLD","F","HYPO","MR284","s06","Ameboid",64,0.374269005847953
"COLD","F","HYPO","MR284","s06","Rod-Like",58,0.339181286549708
"COLD","F","HYPO","MR284","s06","Ramified",49,0.286549707602339
"COLD","F","HYPO","MR284","s07","Ameboid",60,0.454545454545455
"COLD","F","HYPO","MR284","s07","Rod-Like",44,0.333333333333333
"COLD","F","HYPO","MR284","s07","Ramified",28,0.212121212121212
"COLD","F","HYPO","MR284","s08","Ameboid",51,0.333333333333333
"COLD","F","HYPO","MR284","s08","Rod-Like",62,0.405228758169935
"COLD","F","HYPO","MR284","s08","Ramified",40,0.261437908496732
"COLD","F","HYPO","MR284","s09","Ameboid",41,0.34453781512605
"COLD","F","HYPO","MR284","s09","Rod-Like",44,0.369747899159664
"COLD","F","HYPO","MR284","s09","Ramified",34,0.285714285714286
"COLD","F","HYPO","MR284","s10","Ameboid",55,0.407407407407407
"COLD","F","HYPO","MR284","s10","Rod-Like",44,0.325925925925926
"COLD","F","HYPO","MR284","s10","Ramified",36,0.266666666666667
"COLD","F","HYPO","MR284","s11","Ameboid",31,0.2
"COLD","F","HYPO","MR284","s11","Rod-Like",64,0.412903225806452
"COLD","F","HYPO","MR284","s11","Ramified",60,0.387096774193548
"COLD","F","HYPO","MR284","s12","Ameboid",7,0.127272727272727
"COLD","F","HYPO","MR284","s12","Rod-Like",20,0.363636363636364
"COLD","F","HYPO","MR284","s12","Ramified",28,0.509090909090909
"COLD","F","HYPO","MR290","s01","Ameboid",20,0.357142857142857
"COLD","F","HYPO","MR290","s01","Rod-Like",12,0.214285714285714
"COLD","F","HYPO","MR290","s01","Ramified",24,0.428571428571429
"COLD","F","HYPO","MR290","s02","Ameboid",21,0.265822784810127
"COLD","F","HYPO","MR290","s02","Rod-Like",19,0.240506329113924
"COLD","F","HYPO","MR290","s02","Ramified",39,0.493670886075949
"COLD","F","HYPO","MR290","s03","Ameboid",20,0.229885057471264
"COLD","F","HYPO","MR290","s03","Rod-Like",26,0.298850574712644
"COLD","F","HYPO","MR290","s03","Ramified",41,0.471264367816092
"COLD","F","HYPO","MR290","s04","Ameboid",15,0.168539325842697
"COLD","F","HYPO","MR290","s04","Rod-Like",28,0.314606741573034
"COLD","F","HYPO","MR290","s04","Ramified",46,0.51685393258427
"COLD","F","HYPO","MR290","s05","Ameboid",29,0.2265625
"COLD","F","HYPO","MR290","s05","Rod-Like",37,0.2890625
"COLD","F","HYPO","MR290","s05","Ramified",62,0.484375
"COLD","F","HYPO","MR290","s06","Ameboid",34,0.25
"COLD","F","HYPO","MR290","s06","Rod-Like",34,0.25
"COLD","F","HYPO","MR290","s06","Ramified",68,0.5
"COLD","F","HYPO","MR290","s07","Ameboid",42,0.260869565217391
"COLD","F","HYPO","MR290","s07","Rod-Like",46,0.285714285714286
"COLD","F","HYPO","MR290","s07","Ramified",73,0.453416149068323
"COLD","F","HYPO","MR290","s08","Ameboid",28,0.205882352941176
"COLD","F","HYPO","MR290","s08","Rod-Like",45,0.330882352941176
"COLD","F","HYPO","MR290","s08","Ramified",63,0.463235294117647
"COLD","F","HYPO","MR290","s09","Ameboid",22,0.158273381294964
"COLD","F","HYPO","MR290","s09","Rod-Like",55,0.39568345323741
"COLD","F","HYPO","MR290","s09","Ramified",62,0.446043165467626
"COLD","F","HYPO","MR290","s10","Ameboid",27,0.287234042553192
"COLD","F","HYPO","MR290","s10","Rod-Like",26,0.276595744680851
"COLD","F","HYPO","MR290","s10","Ramified",41,0.436170212765957
"COLD","F","HYPO","MR290","s11","Ameboid",15,0.185185185185185
"COLD","F","HYPO","MR290","s11","Rod-Like",24,0.296296296296296
"COLD","F","HYPO","MR290","s11","Ramified",42,0.518518518518518
"COLD","F","HYPO","MR290","s12","Ameboid",12,0.166666666666667
"COLD","F","HYPO","MR290","s12","Rod-Like",25,0.347222222222222
"COLD","F","HYPO","MR290","s12","Ramified",35,0.486111111111111
"COLD","F","PVN","MR138","s04","Ameboid",2,0.133333333333333
"COLD","F","PVN","MR138","s04","Rod-Like",3,0.2
"COLD","F","PVN","MR138","s04","Ramified",10,0.666666666666667
"COLD","F","PVN","MR138","s05","Ameboid",16,0.275862068965517
"COLD","F","PVN","MR138","s05","Rod-Like",6,0.103448275862069
"COLD","F","PVN","MR138","s05","Ramified",36,0.620689655172414
"COLD","F","PVN","MR138","s06","Ameboid",6,0.24
"COLD","F","PVN","MR138","s06","Rod-Like",2,0.08
"COLD","F","PVN","MR138","s06","Ramified",17,0.68
"COLD","F","PVN","MR139","s04","Ameboid",6,0.461538461538462
"COLD","F","PVN","MR139","s04","Rod-Like",2,0.153846153846154
"COLD","F","PVN","MR139","s04","Ramified",5,0.384615384615385
"COLD","F","PVN","MR139","s05","Ameboid",11,0.354838709677419
"COLD","F","PVN","MR139","s05","Rod-Like",6,0.193548387096774
"COLD","F","PVN","MR139","s05","Ramified",14,0.451612903225806
"COLD","F","PVN","MR139","s06","Ameboid",23,0.479166666666667
"COLD","F","PVN","MR139","s06","Rod-Like",7,0.145833333333333
"COLD","F","PVN","MR139","s06","Ramified",18,0.375
"COLD","F","PVN","MR196","s04","Ameboid",14,0.291666666666667
"COLD","F","PVN","MR196","s04","Rod-Like",5,0.104166666666667
"COLD","F","PVN","MR196","s04","Ramified",29,0.604166666666667
"COLD","F","PVN","MR196","s05","Ameboid",21,0.362068965517241
"COLD","F","PVN","MR196","s05","Rod-Like",12,0.206896551724138
"COLD","F","PVN","MR196","s05","Ramified",25,0.431034482758621
"COLD","F","PVN","MR198","s04","Ameboid",11,0.314285714285714
"COLD","F","PVN","MR198","s04","Rod-Like",10,0.285714285714286
"COLD","F","PVN","MR198","s04","Ramified",14,0.4
"COLD","F","PVN","MR198","s05","Ameboid",15,0.319148936170213
"COLD","F","PVN","MR198","s05","Rod-Like",8,0.170212765957447
"COLD","F","PVN","MR198","s05","Ramified",24,0.51063829787234
"COLD","F","PVN","MR284","s04","Ameboid",14,0.451612903225806
"COLD","F","PVN","MR284","s04","Rod-Like",4,0.129032258064516
"COLD","F","PVN","MR284","s04","Ramified",13,0.419354838709677
"COLD","F","PVN","MR284","s05","Ameboid",25,0.568181818181818
"COLD","F","PVN","MR284","s05","Rod-Like",9,0.204545454545455
"COLD","F","PVN","MR284","s05","Ramified",10,0.227272727272727
"COLD","F","PVN","MR290","s04","Ameboid",3,0.2
"COLD","F","PVN","MR290","s04","Rod-Like",5,0.333333333333333
"COLD","F","PVN","MR290","s04","Ramified",7,0.466666666666667
"COLD","F","PVN","MR290","s05","Ameboid",12,0.272727272727273
"COLD","F","PVN","MR290","s05","Rod-Like",7,0.159090909090909
"COLD","F","PVN","MR290","s05","Ramified",25,0.568181818181818
"COLD","M","ARC","MR140","s07","Ameboid",12,0.285714285714286
"COLD","M","ARC","MR140","s07","Rod-Like",6,0.142857142857143
"COLD","M","ARC","MR140","s07","Ramified",24,0.571428571428571
"COLD","M","ARC","MR140","s08","Ameboid",15,0.384615384615385
"COLD","M","ARC","MR140","s08","Rod-Like",11,0.282051282051282
"COLD","M","ARC","MR140","s08","Ramified",13,0.333333333333333
"COLD","M","ARC","MR140","s09","Ameboid",14,0.411764705882353
"COLD","M","ARC","MR140","s09","Rod-Like",10,0.294117647058824
"COLD","M","ARC","MR140","s09","Ramified",10,0.294117647058824
"COLD","M","ARC","MR140","s10","Ameboid",18,0.375
"COLD","M","ARC","MR140","s10","Rod-Like",13,0.270833333333333
"COLD","M","ARC","MR140","s10","Ramified",17,0.354166666666667
"COLD","M","ARC","MR141","s07","Ameboid",13,0.203125
"COLD","M","ARC","MR141","s07","Rod-Like",18,0.28125
"COLD","M","ARC","MR141","s07","Ramified",33,0.515625
"COLD","M","ARC","MR141","s08","Ameboid",24,0.352941176470588
"COLD","M","ARC","MR141","s08","Rod-Like",5,0.0735294117647059
"COLD","M","ARC","MR141","s08","Ramified",39,0.573529411764706
"COLD","M","ARC","MR141","s09","Ameboid",16,0.41025641025641
"COLD","M","ARC","MR141","s09","Rod-Like",4,0.102564102564103
"COLD","M","ARC","MR141","s09","Ramified",19,0.487179487179487
"COLD","M","ARC","MR141","s10","Ameboid",24,0.352941176470588
"COLD","M","ARC","MR141","s10","Rod-Like",20,0.294117647058824
"COLD","M","ARC","MR141","s10","Ramified",24,0.352941176470588
"COLD","M","ARC","MR197","s06","Ameboid",11,0.297297297297297
"COLD","M","ARC","MR197","s06","Rod-Like",9,0.243243243243243
"COLD","M","ARC","MR197","s06","Ramified",17,0.45945945945946
"COLD","M","ARC","MR197","s07","Ameboid",18,0.333333333333333
"COLD","M","ARC","MR197","s07","Rod-Like",15,0.277777777777778
"COLD","M","ARC","MR197","s07","Ramified",21,0.388888888888889
"COLD","M","ARC","MR197","s08","Ameboid",10,0.303030303030303
"COLD","M","ARC","MR197","s08","Rod-Like",9,0.272727272727273
"COLD","M","ARC","MR197","s08","Ramified",14,0.424242424242424
"COLD","M","ARC","MR197","s09","Ameboid",8,0.470588235294118
"COLD","M","ARC","MR197","s09","Rod-Like",1,0.0588235294117647
"COLD","M","ARC","MR197","s09","Ramified",8,0.470588235294118
"COLD","M","ARC","MR197","s10","Ameboid",7,0.269230769230769
"COLD","M","ARC","MR197","s10","Rod-Like",8,0.307692307692308
"COLD","M","ARC","MR197","s10","Ramified",11,0.423076923076923
"COLD","M","ARC","MR199","s06","Ameboid",12,0.272727272727273
"COLD","M","ARC","MR199","s06","Rod-Like",17,0.386363636363636
"COLD","M","ARC","MR199","s06","Ramified",15,0.340909090909091
"COLD","M","ARC","MR199","s07","Ameboid",17,0.23943661971831
"COLD","M","ARC","MR199","s07","Rod-Like",12,0.169014084507042
"COLD","M","ARC","MR199","s07","Ramified",42,0.591549295774648
"COLD","M","ARC","MR199","s08","Ameboid",16,0.355555555555556
"COLD","M","ARC","MR199","s08","Rod-Like",10,0.222222222222222
"COLD","M","ARC","MR199","s08","Ramified",19,0.422222222222222
"COLD","M","ARC","MR199","s09","Ameboid",23,0.511111111111111
"COLD","M","ARC","MR199","s09","Rod-Like",13,0.288888888888889
"COLD","M","ARC","MR199","s09","Ramified",9,0.2
"COLD","M","ARC","MR199","s10","Ameboid",18,0.5
"COLD","M","ARC","MR199","s10","Rod-Like",5,0.138888888888889
"COLD","M","ARC","MR199","s10","Ramified",13,0.361111111111111
"COLD","M","ARC","MR287","s06","Ameboid",18,0.545454545454545
"COLD","M","ARC","MR287","s06","Rod-Like",7,0.212121212121212
"COLD","M","ARC","MR287","s06","Ramified",8,0.242424242424242
"COLD","M","ARC","MR287","s07","Ameboid",23,0.359375
"COLD","M","ARC","MR287","s07","Rod-Like",13,0.203125
"COLD","M","ARC","MR287","s07","Ramified",28,0.4375
"COLD","M","ARC","MR287","s08","Ameboid",15,0.365853658536585
"COLD","M","ARC","MR287","s08","Rod-Like",10,0.24390243902439
"COLD","M","ARC","MR287","s08","Ramified",16,0.390243902439024
"COLD","M","ARC","MR287","s09","Ameboid",22,0.55
"COLD","M","ARC","MR287","s09","Rod-Like",9,0.225
"COLD","M","ARC","MR287","s09","Ramified",9,0.225
"COLD","M","ARC","MR287","s10","Ameboid",25,0.454545454545455
"COLD","M","ARC","MR287","s10","Rod-Like",21,0.381818181818182
"COLD","M","ARC","MR287","s10","Ramified",9,0.163636363636364
"COLD","M","ARC","MR294","s06","Ameboid",14,0.4
"COLD","M","ARC","MR294","s06","Rod-Like",8,0.228571428571429
"COLD","M","ARC","MR294","s06","Ramified",13,0.371428571428571
"COLD","M","ARC","MR294","s07","Ameboid",18,0.28125
"COLD","M","ARC","MR294","s07","Rod-Like",16,0.25
"COLD","M","ARC","MR294","s07","Ramified",30,0.46875
"COLD","M","ARC","MR294","s08","Ameboid",10,0.32258064516129
"COLD","M","ARC","MR294","s08","Rod-Like",6,0.193548387096774
"COLD","M","ARC","MR294","s08","Ramified",15,0.483870967741935
"COLD","M","ARC","MR294","s09","Ameboid",12,0.413793103448276
"COLD","M","ARC","MR294","s09","Rod-Like",8,0.275862068965517
"COLD","M","ARC","MR294","s09","Ramified",9,0.310344827586207
"COLD","M","ARC","MR294","s10","Ameboid",12,0.363636363636364
"COLD","M","ARC","MR294","s10","Rod-Like",8,0.242424242424242
"COLD","M","ARC","MR294","s10","Ramified",13,0.393939393939394
"COLD","M","HYPO","MR140","s01","Ameboid",14,0.333333333333333
"COLD","M","HYPO","MR140","s01","Rod-Like",13,0.30952380952381
"COLD","M","HYPO","MR140","s01","Ramified",15,0.357142857142857
"COLD","M","HYPO","MR140","s02","Ameboid",34,0.333333333333333
"COLD","M","HYPO","MR140","s02","Rod-Like",29,0.284313725490196
"COLD","M","HYPO","MR140","s02","Ramified",39,0.382352941176471
"COLD","M","HYPO","MR140","s03","Ameboid",51,0.504950495049505
"COLD","M","HYPO","MR140","s03","Rod-Like",27,0.267326732673267
"COLD","M","HYPO","MR140","s03","Ramified",23,0.227722772277228
"COLD","M","HYPO","MR140","s04","Ameboid",48,0.470588235294118
"COLD","M","HYPO","MR140","s04","Rod-Like",21,0.205882352941176
"COLD","M","HYPO","MR140","s04","Ramified",33,0.323529411764706
"COLD","M","HYPO","MR140","s05","Ameboid",61,0.530434782608696
"COLD","M","HYPO","MR140","s05","Rod-Like",25,0.217391304347826
"COLD","M","HYPO","MR140","s05","Ramified",29,0.252173913043478
"COLD","M","HYPO","MR140","s06","Ameboid",55,0.398550724637681
"COLD","M","HYPO","MR140","s06","Rod-Like",32,0.231884057971014
"COLD","M","HYPO","MR140","s06","Ramified",51,0.369565217391304
"COLD","M","HYPO","MR140","s07","Ameboid",67,0.364130434782609
"COLD","M","HYPO","MR140","s07","Rod-Like",53,0.28804347826087
"COLD","M","HYPO","MR140","s07","Ramified",64,0.347826086956522
"COLD","M","HYPO","MR140","s08","Ameboid",46,0.256983240223464
"COLD","M","HYPO","MR140","s08","Rod-Like",53,0.29608938547486
"COLD","M","HYPO","MR140","s08","Ramified",80,0.446927374301676
"COLD","M","HYPO","MR140","s09","Ameboid",49,0.429824561403509
"COLD","M","HYPO","MR140","s09","Rod-Like",20,0.175438596491228
"COLD","M","HYPO","MR140","s09","Ramified",45,0.394736842105263
"COLD","M","HYPO","MR140","s10","Ameboid",22,0.293333333333333
"COLD","M","HYPO","MR140","s10","Rod-Like",16,0.213333333333333
"COLD","M","HYPO","MR140","s10","Ramified",37,0.493333333333333
"COLD","M","HYPO","MR140","s11","Ameboid",27,0.28125
"COLD","M","HYPO","MR140","s11","Rod-Like",29,0.302083333333333
"COLD","M","HYPO","MR140","s11","Ramified",40,0.416666666666667
"COLD","M","HYPO","MR140","s12","Ameboid",17,0.303571428571429
"COLD","M","HYPO","MR140","s12","Rod-Like",14,0.25
"COLD","M","HYPO","MR140","s12","Ramified",25,0.446428571428571
"COLD","M","HYPO","MR141","s01","Ameboid",19,0.311475409836066
"COLD","M","HYPO","MR141","s01","Rod-Like",15,0.245901639344262
"COLD","M","HYPO","MR141","s01","Ramified",27,0.442622950819672
"COLD","M","HYPO","MR141","s02","Ameboid",41,0.315384615384615
"COLD","M","HYPO","MR141","s02","Rod-Like",36,0.276923076923077
"COLD","M","HYPO","MR141","s02","Ramified",53,0.407692307692308
"COLD","M","HYPO","MR141","s03","Ameboid",56,0.347826086956522
"COLD","M","HYPO","MR141","s03","Rod-Like",44,0.273291925465839
"COLD","M","HYPO","MR141","s03","Ramified",61,0.37888198757764
"COLD","M","HYPO","MR141","s04","Ameboid",68,0.345177664974619
"COLD","M","HYPO","MR141","s04","Rod-Like",51,0.258883248730964
"COLD","M","HYPO","MR141","s04","Ramified",78,0.395939086294416
"COLD","M","HYPO","MR141","s05","Ameboid",52,0.300578034682081
"COLD","M","HYPO","MR141","s05","Rod-Like",55,0.317919075144509
"COLD","M","HYPO","MR141","s05","Ramified",66,0.38150289017341
"COLD","M","HYPO","MR141","s06","Ameboid",61,0.412162162162162
"COLD","M","HYPO","MR141","s06","Rod-Like",47,0.317567567567568
"COLD","M","HYPO","MR141","s06","Ramified",40,0.27027027027027
"COLD","M","HYPO","MR141","s07","Ameboid",69,0.433962264150943
"COLD","M","HYPO","MR141","s07","Rod-Like",31,0.19496855345912
"COLD","M","HYPO","MR141","s07","Ramified",59,0.371069182389937
"COLD","M","HYPO","MR141","s08","Ameboid",73,0.421965317919075
"COLD","M","HYPO","MR141","s08","Rod-Like",44,0.254335260115607
"COLD","M","HYPO","MR141","s08","Ramified",56,0.323699421965318
"COLD","M","HYPO","MR141","s09","Ameboid",50,0.454545454545455
"COLD","M","HYPO","MR141","s09","Rod-Like",27,0.245454545454545
"COLD","M","HYPO","MR141","s09","Ramified",33,0.3
"COLD","M","HYPO","MR141","s10","Ameboid",24,0.296296296296296
"COLD","M","HYPO","MR141","s10","Rod-Like",23,0.283950617283951
"COLD","M","HYPO","MR141","s10","Ramified",34,0.419753086419753
"COLD","M","HYPO","MR141","s11","Ameboid",22,0.265060240963855
"COLD","M","HYPO","MR141","s11","Rod-Like",25,0.301204819277108
"COLD","M","HYPO","MR141","s11","Ramified",36,0.433734939759036
"COLD","M","HYPO","MR141","s12","Ameboid",36,0.529411764705882
"COLD","M","HYPO","MR141","s12","Rod-Like",18,0.264705882352941
"COLD","M","HYPO","MR141","s12","Ramified",14,0.205882352941176
"COLD","M","HYPO","MR197","s01","Ameboid",37,0.552238805970149
"COLD","M","HYPO","MR197","s01","Rod-Like",19,0.283582089552239
"COLD","M","HYPO","MR197","s01","Ramified",11,0.164179104477612
"COLD","M","HYPO","MR197","s02","Ameboid",38,0.368932038834951
"COLD","M","HYPO","MR197","s02","Rod-Like",22,0.213592233009709
"COLD","M","HYPO","MR197","s02","Ramified",43,0.41747572815534
"COLD","M","HYPO","MR197","s03","Ameboid",33,0.366666666666667
"COLD","M","HYPO","MR197","s03","Rod-Like",20,0.222222222222222
"COLD","M","HYPO","MR197","s03","Ramified",37,0.411111111111111
"COLD","M","HYPO","MR197","s04","Ameboid",42,0.338709677419355
"COLD","M","HYPO","MR197","s04","Rod-Like",34,0.274193548387097
"COLD","M","HYPO","MR197","s04","Ramified",48,0.387096774193548
"COLD","M","HYPO","MR197","s05","Ameboid",25,0.217391304347826
"COLD","M","HYPO","MR197","s05","Rod-Like",34,0.295652173913043
"COLD","M","HYPO","MR197","s05","Ramified",56,0.48695652173913
"COLD","M","HYPO","MR197","s06","Ameboid",30,0.225563909774436
"COLD","M","HYPO","MR197","s06","Rod-Like",42,0.31578947368421
"COLD","M","HYPO","MR197","s06","Ramified",61,0.458646616541353
"COLD","M","HYPO","MR197","s07","Ameboid",34,0.336633663366337
"COLD","M","HYPO","MR197","s07","Rod-Like",26,0.257425742574257
"COLD","M","HYPO","MR197","s07","Ramified",41,0.405940594059406
"COLD","M","HYPO","MR197","s08","Ameboid",27,0.28125
"COLD","M","HYPO","MR197","s08","Rod-Like",30,0.3125
"COLD","M","HYPO","MR197","s08","Ramified",39,0.40625
"COLD","M","HYPO","MR197","s09","Ameboid",20,0.3125
"COLD","M","HYPO","MR197","s09","Rod-Like",17,0.265625
"COLD","M","HYPO","MR197","s09","Ramified",27,0.421875
"COLD","M","HYPO","MR197","s10","Ameboid",27,0.36
"COLD","M","HYPO","MR197","s10","Rod-Like",25,0.333333333333333
"COLD","M","HYPO","MR197","s10","Ramified",23,0.306666666666667
"COLD","M","HYPO","MR197","s11","Ameboid",22,0.305555555555556
"COLD","M","HYPO","MR197","s11","Rod-Like",28,0.388888888888889
"COLD","M","HYPO","MR197","s11","Ramified",22,0.305555555555556
"COLD","M","HYPO","MR197","s12","Ameboid",9,0.145161290322581
"COLD","M","HYPO","MR197","s12","Rod-Like",23,0.370967741935484
"COLD","M","HYPO","MR197","s12","Ramified",30,0.483870967741935
"COLD","M","HYPO","MR199","s01","Ameboid",15,0.25
"COLD","M","HYPO","MR199","s01","Rod-Like",16,0.266666666666667
"COLD","M","HYPO","MR199","s01","Ramified",29,0.483333333333333
"COLD","M","HYPO","MR199","s02","Ameboid",32,0.262295081967213
"COLD","M","HYPO","MR199","s02","Rod-Like",43,0.352459016393443
"COLD","M","HYPO","MR199","s02","Ramified",47,0.385245901639344
"COLD","M","HYPO","MR199","s03","Ameboid",43,0.32824427480916
"COLD","M","HYPO","MR199","s03","Rod-Like",44,0.33587786259542
"COLD","M","HYPO","MR199","s03","Ramified",44,0.33587786259542
"COLD","M","HYPO","MR199","s04","Ameboid",54,0.36734693877551
"COLD","M","HYPO","MR199","s04","Rod-Like",36,0.244897959183673
"COLD","M","HYPO","MR199","s04","Ramified",57,0.387755102040816
"COLD","M","HYPO","MR199","s05","Ameboid",57,0.398601398601399
"COLD","M","HYPO","MR199","s05","Rod-Like",22,0.153846153846154
"COLD","M","HYPO","MR199","s05","Ramified",64,0.447552447552448
"COLD","M","HYPO","MR199","s06","Ameboid",43,0.286666666666667
"COLD","M","HYPO","MR199","s06","Rod-Like",30,0.2
"COLD","M","HYPO","MR199","s06","Ramified",77,0.513333333333333
"COLD","M","HYPO","MR199","s07","Ameboid",59,0.315508021390374
"COLD","M","HYPO","MR199","s07","Rod-Like",43,0.229946524064171
"COLD","M","HYPO","MR199","s07","Ramified",85,0.454545454545455
"COLD","M","HYPO","MR199","s08","Ameboid",53,0.33125
"COLD","M","HYPO","MR199","s08","Rod-Like",43,0.26875
"COLD","M","HYPO","MR199","s08","Ramified",64,0.4
"COLD","M","HYPO","MR199","s09","Ameboid",49,0.291666666666667
"COLD","M","HYPO","MR199","s09","Rod-Like",47,0.279761904761905
"COLD","M","HYPO","MR199","s09","Ramified",72,0.428571428571429
"COLD","M","HYPO","MR199","s10","Ameboid",35,0.255474452554745
"COLD","M","HYPO","MR199","s10","Rod-Like",43,0.313868613138686
"COLD","M","HYPO","MR199","s10","Ramified",59,0.430656934306569
"COLD","M","HYPO","MR199","s11","Ameboid",44,0.321167883211679
"COLD","M","HYPO","MR199","s11","Rod-Like",32,0.233576642335766
"COLD","M","HYPO","MR199","s11","Ramified",61,0.445255474452555
"COLD","M","HYPO","MR199","s12","Ameboid",37,0.298387096774194
"COLD","M","HYPO","MR199","s12","Rod-Like",42,0.338709677419355
"COLD","M","HYPO","MR199","s12","Ramified",45,0.362903225806452
"COLD","M","HYPO","MR287","s01","Ameboid",31,0.378048780487805
"COLD","M","HYPO","MR287","s01","Rod-Like",27,0.329268292682927
"COLD","M","HYPO","MR287","s01","Ramified",24,0.292682926829268
"COLD","M","HYPO","MR287","s02","Ameboid",42,0.446808510638298
"COLD","M","HYPO","MR287","s02","Rod-Like",27,0.287234042553192
"COLD","M","HYPO","MR287","s02","Ramified",25,0.265957446808511
"COLD","M","HYPO","MR287","s03","Ameboid",39,0.464285714285714
"COLD","M","HYPO","MR287","s03","Rod-Like",24,0.285714285714286
"COLD","M","HYPO","MR287","s03","Ramified",21,0.25
"COLD","M","HYPO","MR287","s04","Ameboid",38,0.339285714285714
"COLD","M","HYPO","MR287","s04","Rod-Like",34,0.303571428571429
"COLD","M","HYPO","MR287","s04","Ramified",40,0.357142857142857
"COLD","M","HYPO","MR287","s05","Ameboid",34,0.326923076923077
"COLD","M","HYPO","MR287","s05","Rod-Like",27,0.259615384615385
"COLD","M","HYPO","MR287","s05","Ramified",43,0.413461538461538
"COLD","M","HYPO","MR287","s06","Ameboid",57,0.327586206896552
"COLD","M","HYPO","MR287","s06","Rod-Like",55,0.316091954022989
"COLD","M","HYPO","MR287","s06","Ramified",62,0.35632183908046
"COLD","M","HYPO","MR287","s07","Ameboid",85,0.497076023391813
"COLD","M","HYPO","MR287","s07","Rod-Like",40,0.233918128654971
"COLD","M","HYPO","MR287","s07","Ramified",46,0.269005847953216
"COLD","M","HYPO","MR287","s08","Ameboid",47,0.379032258064516
"COLD","M","HYPO","MR287","s08","Rod-Like",45,0.362903225806452
"COLD","M","HYPO","MR287","s08","Ramified",32,0.258064516129032
"COLD","M","HYPO","MR287","s09","Ameboid",38,0.372549019607843
"COLD","M","HYPO","MR287","s09","Rod-Like",31,0.303921568627451
"COLD","M","HYPO","MR287","s09","Ramified",33,0.323529411764706
"COLD","M","HYPO","MR287","s10","Ameboid",30,0.294117647058824
"COLD","M","HYPO","MR287","s10","Rod-Like",37,0.362745098039216
"COLD","M","HYPO","MR287","s10","Ramified",35,0.343137254901961
"COLD","M","HYPO","MR287","s11","Ameboid",19,0.206521739130435
"COLD","M","HYPO","MR287","s11","Rod-Like",35,0.380434782608696
"COLD","M","HYPO","MR287","s11","Ramified",38,0.41304347826087
"COLD","M","HYPO","MR287","s12","Ameboid",32,0.329896907216495
"COLD","M","HYPO","MR287","s12","Rod-Like",33,0.34020618556701
"COLD","M","HYPO","MR287","s12","Ramified",32,0.329896907216495
"COLD","M","HYPO","MR294","s01","Ameboid",23,0.353846153846154
"COLD","M","HYPO","MR294","s01","Rod-Like",16,0.246153846153846
"COLD","M","HYPO","MR294","s01","Ramified",26,0.4
"COLD","M","HYPO","MR294","s02","Ameboid",16,0.146788990825688
"COLD","M","HYPO","MR294","s02","Rod-Like",37,0.339449541284404
"COLD","M","HYPO","MR294","s02","Ramified",56,0.513761467889908
"COLD","M","HYPO","MR294","s03","Ameboid",33,0.240875912408759
"COLD","M","HYPO","MR294","s03","Rod-Like",38,0.277372262773723
"COLD","M","HYPO","MR294","s03","Ramified",66,0.481751824817518
"COLD","M","HYPO","MR294","s04","Ameboid",43,0.260606060606061
"COLD","M","HYPO","MR294","s04","Rod-Like",38,0.23030303030303
"COLD","M","HYPO","MR294","s04","Ramified",84,0.509090909090909
"COLD","M","HYPO","MR294","s05","Ameboid",31,0.24031007751938
"COLD","M","HYPO","MR294","s05","Rod-Like",35,0.271317829457364
"COLD","M","HYPO","MR294","s05","Ramified",63,0.488372093023256
"COLD","M","HYPO","MR294","s06","Ameboid",28,0.16969696969697
"COLD","M","HYPO","MR294","s06","Rod-Like",48,0.290909090909091
"COLD","M","HYPO","MR294","s06","Ramified",89,0.539393939393939
"COLD","M","HYPO","MR294","s07","Ameboid",27,0.190140845070423
"COLD","M","HYPO","MR294","s07","Rod-Like",24,0.169014084507042
"COLD","M","HYPO","MR294","s07","Ramified",91,0.640845070422535
"COLD","M","HYPO","MR294","s08","Ameboid",30,0.218978102189781
"COLD","M","HYPO","MR294","s08","Rod-Like",26,0.18978102189781
"COLD","M","HYPO","MR294","s08","Ramified",81,0.591240875912409
"COLD","M","HYPO","MR294","s09","Ameboid",20,0.181818181818182
"COLD","M","HYPO","MR294","s09","Rod-Like",31,0.281818181818182
"COLD","M","HYPO","MR294","s09","Ramified",59,0.536363636363636
"COLD","M","HYPO","MR294","s10","Ameboid",16,0.175824175824176
"COLD","M","HYPO","MR294","s10","Rod-Like",27,0.296703296703297
"COLD","M","HYPO","MR294","s10","Ramified",48,0.527472527472527
"COLD","M","HYPO","MR294","s11","Ameboid",17,0.2
"COLD","M","HYPO","MR294","s11","Rod-Like",19,0.223529411764706
"COLD","M","HYPO","MR294","s11","Ramified",49,0.576470588235294
"COLD","M","HYPO","MR294","s12","Ameboid",12,0.148148148148148
"COLD","M","HYPO","MR294","s12","Rod-Like",27,0.333333333333333
"COLD","M","HYPO","MR294","s12","Ramified",42,0.518518518518518
"COLD","M","PVN","MR140","s04","Ameboid",3,0.1875
"COLD","M","PVN","MR140","s04","Rod-Like",6,0.375
"COLD","M","PVN","MR140","s04","Ramified",7,0.4375
"COLD","M","PVN","MR140","s05","Ameboid",16,0.355555555555556
"COLD","M","PVN","MR140","s05","Rod-Like",11,0.244444444444444
"COLD","M","PVN","MR140","s05","Ramified",18,0.4
"COLD","M","PVN","MR141","s04","Ameboid",15,0.357142857142857
"COLD","M","PVN","MR141","s04","Rod-Like",6,0.142857142857143
"COLD","M","PVN","MR141","s04","Ramified",21,0.5
"COLD","M","PVN","MR141","s05","Ameboid",16,0.340425531914894
"COLD","M","PVN","MR141","s05","Rod-Like",11,0.234042553191489
"COLD","M","PVN","MR141","s05","Ramified",20,0.425531914893617
"COLD","M","PVN","MR199","s05","Ameboid",14,0.35
"COLD","M","PVN","MR199","s05","Rod-Like",9,0.225
"COLD","M","PVN","MR199","s05","Ramified",17,0.425
"COLD","M","PVN","MR199","s06","Ameboid",17,0.414634146341463
"COLD","M","PVN","MR199","s06","Rod-Like",4,0.0975609756097561
"COLD","M","PVN","MR199","s06","Ramified",20,0.48780487804878
"COLD","M","PVN","MR200","s04","Ameboid",2,0.0909090909090909
"COLD","M","PVN","MR200","s04","Rod-Like",8,0.363636363636364
"COLD","M","PVN","MR200","s04","Ramified",12,0.545454545454545
"COLD","M","PVN","MR200","s05","Ameboid",11,0.354838709677419
"COLD","M","PVN","MR200","s05","Rod-Like",6,0.193548387096774
"COLD","M","PVN","MR200","s05","Ramified",14,0.451612903225806
"COLD","M","PVN","MR287","s05","Ameboid",6,0.333333333333333
"COLD","M","PVN","MR287","s05","Rod-Like",6,0.333333333333333
"COLD","M","PVN","MR287","s05","Ramified",6,0.333333333333333
"COLD","M","PVN","MR287","s06","Ameboid",7,0.212121212121212
"COLD","M","PVN","MR287","s06","Rod-Like",2,0.0606060606060606
"COLD","M","PVN","MR287","s06","Ramified",24,0.727272727272727
"COLD","M","PVN","MR294","s04","Ameboid",6,0.206896551724138
"COLD","M","PVN","MR294","s04","Rod-Like",8,0.275862068965517
"COLD","M","PVN","MR294","s04","Ramified",15,0.517241379310345
"COLD","M","PVN","MR294","s05","Ameboid",12,0.230769230769231
"COLD","M","PVN","MR294","s05","Rod-Like",10,0.192307692307692
"COLD","M","PVN","MR294","s05","Ramified",30,0.576923076923077
"CON","F","ARC","MR156","s06","Ameboid",12,0.25
"CON","F","ARC","MR156","s06","Rod-Like",11,0.229166666666667
"CON","F","ARC","MR156","s06","Ramified",25,0.520833333333333
"CON","F","ARC","MR156","s07","Ameboid",23,0.27710843373494
"CON","F","ARC","MR156","s07","Rod-Like",5,0.0602409638554217
"CON","F","ARC","MR156","s07","Ramified",55,0.662650602409639
"CON","F","ARC","MR156","s08","Ameboid",9,0.333333333333333
"CON","F","ARC","MR156","s08","Rod-Like",3,0.111111111111111
"CON","F","ARC","MR156","s08","Ramified",15,0.555555555555556
"CON","F","ARC","MR156","s09","Ameboid",12,0.428571428571429
"CON","F","ARC","MR156","s09","Rod-Like",3,0.107142857142857
"CON","F","ARC","MR156","s09","Ramified",13,0.464285714285714
"CON","F","ARC","MR159","s08","Ameboid",16,0.253968253968254
"CON","F","ARC","MR159","s08","Rod-Like",16,0.253968253968254
"CON","F","ARC","MR159","s08","Ramified",31,0.492063492063492
"CON","F","ARC","MR159","s09","Ameboid",11,0.189655172413793
"CON","F","ARC","MR159","s09","Rod-Like",14,0.241379310344828
"CON","F","ARC","MR159","s09","Ramified",33,0.568965517241379
"CON","F","ARC","MR159","s10","Ameboid",12,0.333333333333333
"CON","F","ARC","MR159","s10","Rod-Like",9,0.25
"CON","F","ARC","MR159","s10","Ramified",15,0.416666666666667
"CON","F","ARC","MR159","s11","Ameboid",21,0.411764705882353
"CON","F","ARC","MR159","s11","Rod-Like",13,0.254901960784314
"CON","F","ARC","MR159","s11","Ramified",17,0.333333333333333
"CON","F","ARC","MR161","s06","Ameboid",16,0.280701754385965
"CON","F","ARC","MR161","s06","Rod-Like",16,0.280701754385965
"CON","F","ARC","MR161","s06","Ramified",25,0.43859649122807
"CON","F","ARC","MR161","s07","Ameboid",12,0.193548387096774
"CON","F","ARC","MR161","s07","Rod-Like",15,0.241935483870968
"CON","F","ARC","MR161","s07","Ramified",35,0.564516129032258
"CON","F","ARC","MR161","s08","Ameboid",24,0.363636363636364
"CON","F","ARC","MR161","s08","Rod-Like",18,0.272727272727273
"CON","F","ARC","MR161","s08","Ramified",24,0.363636363636364
"CON","F","ARC","MR161","s09","Ameboid",8,0.242424242424242
"CON","F","ARC","MR161","s09","Rod-Like",6,0.181818181818182
"CON","F","ARC","MR161","s09","Ramified",19,0.575757575757576
"CON","F","ARC","MR161","s10","Ameboid",21,0.488372093023256
"CON","F","ARC","MR161","s10","Rod-Like",10,0.232558139534884
"CON","F","ARC","MR161","s10","Ramified",12,0.27906976744186
"CON","F","ARC","MR175","s05","Ameboid",7,0.205882352941176
"CON","F","ARC","MR175","s05","Rod-Like",8,0.235294117647059
"CON","F","ARC","MR175","s05","Ramified",19,0.558823529411765
"CON","F","ARC","MR175","s06","Ameboid",14,0.225806451612903
"CON","F","ARC","MR175","s06","Rod-Like",9,0.145161290322581
"CON","F","ARC","MR175","s06","Ramified",39,0.629032258064516
"CON","F","ARC","MR175","s07","Ameboid",18,0.36734693877551
"CON","F","ARC","MR175","s07","Rod-Like",19,0.387755102040816
"CON","F","ARC","MR175","s07","Ramified",12,0.244897959183673
"CON","F","ARC","MR175","s08","Ameboid",15,0.535714285714286
"CON","F","ARC","MR175","s08","Rod-Like",5,0.178571428571429
"CON","F","ARC","MR175","s08","Ramified",8,0.285714285714286
"CON","F","ARC","MR175","s09","Ameboid",19,0.387755102040816
"CON","F","ARC","MR175","s09","Rod-Like",16,0.326530612244898
"CON","F","ARC","MR175","s09","Ramified",14,0.285714285714286
"CON","F","ARC","MR277","s06","Ameboid",23,0.389830508474576
"CON","F","ARC","MR277","s06","Rod-Like",13,0.220338983050847
"CON","F","ARC","MR277","s06","Ramified",23,0.389830508474576
"CON","F","ARC","MR277","s07","Ameboid",26,0.4
"CON","F","ARC","MR277","s07","Rod-Like",11,0.169230769230769
"CON","F","ARC","MR277","s07","Ramified",28,0.430769230769231
"CON","F","ARC","MR277","s08","Ameboid",9,0.333333333333333
"CON","F","ARC","MR277","s08","Rod-Like",7,0.259259259259259
"CON","F","ARC","MR277","s08","Ramified",11,0.407407407407407
"CON","F","ARC","MR277","s09","Ameboid",16,0.571428571428571
"CON","F","ARC","MR277","s09","Rod-Like",6,0.214285714285714
"CON","F","ARC","MR277","s09","Ramified",6,0.214285714285714
"CON","F","ARC","MR277","s10","Ameboid",16,0.470588235294118
"CON","F","ARC","MR277","s10","Rod-Like",8,0.235294117647059
"CON","F","ARC","MR277","s10","Ramified",10,0.294117647058824
"CON","F","ARC","MR278","s07","Ameboid",13,0.333333333333333
"CON","F","ARC","MR278","s07","Rod-Like",10,0.256410256410256
"CON","F","ARC","MR278","s07","Ramified",16,0.41025641025641
"CON","F","ARC","MR278","s08","Ameboid",13,0.26
"CON","F","ARC","MR278","s08","Rod-Like",11,0.22
"CON","F","ARC","MR278","s08","Ramified",26,0.52
"CON","F","ARC","MR278","s09","Ameboid",14,0.4375
"CON","F","ARC","MR278","s09","Rod-Like",8,0.25
"CON","F","ARC","MR278","s09","Ramified",10,0.3125
"CON","F","ARC","MR278","s10","Ameboid",16,0.695652173913043
"CON","F","ARC","MR278","s10","Rod-Like",5,0.217391304347826
"CON","F","ARC","MR278","s10","Ramified",2,0.0869565217391304
"CON","F","ARC","MR278","s11","Ameboid",11,0.423076923076923
"CON","F","ARC","MR278","s11","Rod-Like",6,0.230769230769231
"CON","F","ARC","MR278","s11","Ramified",9,0.346153846153846
"CON","F","HYPO","MR156","s01","Ameboid",15,0.208333333333333
"CON","F","HYPO","MR156","s01","Rod-Like",22,0.305555555555556
"CON","F","HYPO","MR156","s01","Ramified",35,0.486111111111111
"CON","F","HYPO","MR156","s02","Ameboid",30,0.277777777777778
"CON","F","HYPO","MR156","s02","Rod-Like",21,0.194444444444444
"CON","F","HYPO","MR156","s02","Ramified",57,0.527777777777778
"CON","F","HYPO","MR156","s03","Ameboid",33,0.302752293577982
"CON","F","HYPO","MR156","s03","Rod-Like",26,0.238532110091743
"CON","F","HYPO","MR156","s03","Ramified",50,0.458715596330275
"CON","F","HYPO","MR156","s04","Ameboid",25,0.213675213675214
"CON","F","HYPO","MR156","s04","Rod-Like",31,0.264957264957265
"CON","F","HYPO","MR156","s04","Ramified",61,0.521367521367521
"CON","F","HYPO","MR156","s05","Ameboid",38,0.2375
"CON","F","HYPO","MR156","s05","Rod-Like",30,0.1875
"CON","F","HYPO","MR156","s05","Ramified",92,0.575
"CON","F","HYPO","MR156","s06","Ameboid",43,0.267080745341615
"CON","F","HYPO","MR156","s06","Rod-Like",48,0.298136645962733
"CON","F","HYPO","MR156","s06","Ramified",70,0.434782608695652
"CON","F","HYPO","MR156","s07","Ameboid",59,0.29064039408867
"CON","F","HYPO","MR156","s07","Rod-Like",37,0.182266009852217
"CON","F","HYPO","MR156","s07","Ramified",107,0.527093596059113
"CON","F","HYPO","MR156","s08","Ameboid",62,0.329787234042553
"CON","F","HYPO","MR156","s08","Rod-Like",42,0.223404255319149
"CON","F","HYPO","MR156","s08","Ramified",84,0.446808510638298
"CON","F","HYPO","MR156","s09","Ameboid",28,0.21875
"CON","F","HYPO","MR156","s09","Rod-Like",34,0.265625
"CON","F","HYPO","MR156","s09","Ramified",66,0.515625
"CON","F","HYPO","MR156","s10","Ameboid",35,0.263157894736842
"CON","F","HYPO","MR156","s10","Rod-Like",25,0.18796992481203
"CON","F","HYPO","MR156","s10","Ramified",73,0.548872180451128
"CON","F","HYPO","MR156","s11","Ameboid",20,0.217391304347826
"CON","F","HYPO","MR156","s11","Rod-Like",32,0.347826086956522
"CON","F","HYPO","MR156","s11","Ramified",40,0.434782608695652
"CON","F","HYPO","MR156","s12","Ameboid",17,0.23943661971831
"CON","F","HYPO","MR156","s12","Rod-Like",20,0.28169014084507
"CON","F","HYPO","MR156","s12","Ramified",34,0.47887323943662
"CON","F","HYPO","MR159","s01","Ameboid",17,0.253731343283582
"CON","F","HYPO","MR159","s01","Rod-Like",19,0.283582089552239
"CON","F","HYPO","MR159","s01","Ramified",31,0.462686567164179
"CON","F","HYPO","MR159","s02","Ameboid",37,0.415730337078652
"CON","F","HYPO","MR159","s02","Rod-Like",23,0.258426966292135
"CON","F","HYPO","MR159","s02","Ramified",29,0.325842696629214
"CON","F","HYPO","MR159","s03","Ameboid",32,0.41025641025641
"CON","F","HYPO","MR159","s03","Rod-Like",24,0.307692307692308
"CON","F","HYPO","MR159","s03","Ramified",22,0.282051282051282
"CON","F","HYPO","MR159","s04","Ameboid",49,0.480392156862745
"CON","F","HYPO","MR159","s04","Rod-Like",23,0.225490196078431
"CON","F","HYPO","MR159","s04","Ramified",30,0.294117647058824
"CON","F","HYPO","MR159","s05","Ameboid",51,0.354166666666667
"CON","F","HYPO","MR159","s05","Rod-Like",29,0.201388888888889
"CON","F","HYPO","MR159","s05","Ramified",64,0.444444444444444
"CON","F","HYPO","MR159","s06","Ameboid",51,0.31875
"CON","F","HYPO","MR159","s06","Rod-Like",47,0.29375
"CON","F","HYPO","MR159","s06","Ramified",62,0.3875
"CON","F","HYPO","MR159","s07","Ameboid",99,0.53804347826087
"CON","F","HYPO","MR159","s07","Rod-Like",39,0.21195652173913
"CON","F","HYPO","MR159","s07","Ramified",46,0.25
"CON","F","HYPO","MR159","s08","Ameboid",53,0.392592592592593
"CON","F","HYPO","MR159","s08","Rod-Like",31,0.22962962962963
"CON","F","HYPO","MR159","s08","Ramified",51,0.377777777777778
"CON","F","HYPO","MR159","s09","Ameboid",47,0.361538461538462
"CON","F","HYPO","MR159","s09","Rod-Like",31,0.238461538461538
"CON","F","HYPO","MR159","s09","Ramified",52,0.4
"CON","F","HYPO","MR159","s10","Ameboid",35,0.357142857142857
"CON","F","HYPO","MR159","s10","Rod-Like",27,0.275510204081633
"CON","F","HYPO","MR159","s10","Ramified",36,0.36734693877551
"CON","F","HYPO","MR159","s11","Ameboid",19,0.26027397260274
"CON","F","HYPO","MR159","s11","Rod-Like",20,0.273972602739726
"CON","F","HYPO","MR159","s11","Ramified",34,0.465753424657534
"CON","F","HYPO","MR159","s12","Ameboid",13,0.160493827160494
"CON","F","HYPO","MR159","s12","Rod-Like",24,0.296296296296296
"CON","F","HYPO","MR159","s12","Ramified",44,0.54320987654321
"CON","F","HYPO","MR161","s01","Ameboid",60,0.41958041958042
"CON","F","HYPO","MR161","s01","Rod-Like",43,0.300699300699301
"CON","F","HYPO","MR161","s01","Ramified",40,0.27972027972028
"CON","F","HYPO","MR161","s02","Ameboid",44,0.325925925925926
"CON","F","HYPO","MR161","s02","Rod-Like",43,0.318518518518519
"CON","F","HYPO","MR161","s02","Ramified",48,0.355555555555556
"CON","F","HYPO","MR161","s03","Ameboid",53,0.375886524822695
"CON","F","HYPO","MR161","s03","Rod-Like",29,0.205673758865248
"CON","F","HYPO","MR161","s03","Ramified",59,0.418439716312057
"CON","F","HYPO","MR161","s04","Ameboid",22,0.215686274509804
"CON","F","HYPO","MR161","s04","Rod-Like",26,0.254901960784314
"CON","F","HYPO","MR161","s04","Ramified",54,0.529411764705882
"CON","F","HYPO","MR161","s05","Ameboid",43,0.318518518518519
"CON","F","HYPO","MR161","s05","Rod-Like",26,0.192592592592593
"CON","F","HYPO","MR161","s05","Ramified",66,0.488888888888889
"CON","F","HYPO","MR161","s06","Ameboid",111,0.476394849785408
"CON","F","HYPO","MR161","s06","Rod-Like",56,0.240343347639485
"CON","F","HYPO","MR161","s06","Ramified",66,0.283261802575107
"CON","F","HYPO","MR161","s07","Ameboid",44,0.273291925465839
"CON","F","HYPO","MR161","s07","Rod-Like",37,0.229813664596273
"CON","F","HYPO","MR161","s07","Ramified",80,0.496894409937888
"CON","F","HYPO","MR161","s08","Ameboid",39,0.325
"CON","F","HYPO","MR161","s08","Rod-Like",32,0.266666666666667
"CON","F","HYPO","MR161","s08","Ramified",49,0.408333333333333
"CON","F","HYPO","MR161","s09","Ameboid",46,0.422018348623853
"CON","F","HYPO","MR161","s09","Rod-Like",29,0.26605504587156
"CON","F","HYPO","MR161","s09","Ramified",34,0.311926605504587
"CON","F","HYPO","MR161","s10","Ameboid",31,0.271929824561404
"CON","F","HYPO","MR161","s10","Rod-Like",34,0.298245614035088
"CON","F","HYPO","MR161","s10","Ramified",49,0.429824561403509
"CON","F","HYPO","MR161","s11","Ameboid",46,0.368
"CON","F","HYPO","MR161","s11","Rod-Like",29,0.232
"CON","F","HYPO","MR161","s11","Ramified",50,0.4
"CON","F","HYPO","MR161","s12","Ameboid",36,0.307692307692308
"CON","F","HYPO","MR161","s12","Rod-Like",29,0.247863247863248
"CON","F","HYPO","MR161","s12","Ramified",52,0.444444444444444
"CON","F","HYPO","MR175","s01","Ameboid",31,0.344444444444444
"CON","F","HYPO","MR175","s01","Rod-Like",28,0.311111111111111
"CON","F","HYPO","MR175","s01","Ramified",31,0.344444444444444
"CON","F","HYPO","MR175","s02","Ameboid",52,0.393939393939394
"CON","F","HYPO","MR175","s02","Rod-Like",27,0.204545454545455
"CON","F","HYPO","MR175","s02","Ramified",53,0.401515151515151
"CON","F","HYPO","MR175","s03","Ameboid",34,0.369565217391304
"CON","F","HYPO","MR175","s03","Rod-Like",29,0.315217391304348
"CON","F","HYPO","MR175","s03","Ramified",29,0.315217391304348
"CON","F","HYPO","MR175","s04","Ameboid",56,0.380952380952381
"CON","F","HYPO","MR175","s04","Rod-Like",35,0.238095238095238
"CON","F","HYPO","MR175","s04","Ramified",56,0.380952380952381
"CON","F","HYPO","MR175","s05","Ameboid",35,0.315315315315315
"CON","F","HYPO","MR175","s05","Rod-Like",33,0.297297297297297
"CON","F","HYPO","MR175","s05","Ramified",43,0.387387387387387
"CON","F","HYPO","MR175","s06","Ameboid",43,0.273885350318471
"CON","F","HYPO","MR175","s06","Rod-Like",41,0.261146496815287
"CON","F","HYPO","MR175","s06","Ramified",73,0.464968152866242
"CON","F","HYPO","MR175","s07","Ameboid",55,0.352564102564103
"CON","F","HYPO","MR175","s07","Rod-Like",42,0.269230769230769
"CON","F","HYPO","MR175","s07","Ramified",59,0.378205128205128
"CON","F","HYPO","MR175","s08","Ameboid",39,0.278571428571429
"CON","F","HYPO","MR175","s08","Rod-Like",41,0.292857142857143
"CON","F","HYPO","MR175","s08","Ramified",60,0.428571428571429
"CON","F","HYPO","MR175","s09","Ameboid",30,0.3
"CON","F","HYPO","MR175","s09","Rod-Like",34,0.34
"CON","F","HYPO","MR175","s09","Ramified",36,0.36
"CON","F","HYPO","MR175","s10","Ameboid",28,0.28
"CON","F","HYPO","MR175","s10","Rod-Like",33,0.33
"CON","F","HYPO","MR175","s10","Ramified",39,0.39
"CON","F","HYPO","MR175","s11","Ameboid",31,0.322916666666667
"CON","F","HYPO","MR175","s11","Rod-Like",33,0.34375
"CON","F","HYPO","MR175","s11","Ramified",32,0.333333333333333
"CON","F","HYPO","MR175","s12","Ameboid",26,0.325
"CON","F","HYPO","MR175","s12","Rod-Like",23,0.2875
"CON","F","HYPO","MR175","s12","Ramified",31,0.3875
"CON","F","HYPO","MR277","s01","Ameboid",53,0.335443037974684
"CON","F","HYPO","MR277","s01","Rod-Like",50,0.316455696202532
"CON","F","HYPO","MR277","s01","Ramified",55,0.348101265822785
"CON","F","HYPO","MR277","s02","Ameboid",56,0.327485380116959
"CON","F","HYPO","MR277","s02","Rod-Like",41,0.239766081871345
"CON","F","HYPO","MR277","s02","Ramified",74,0.432748538011696
"CON","F","HYPO","MR277","s03","Ameboid",36,0.352941176470588
"CON","F","HYPO","MR277","s03","Rod-Like",31,0.303921568627451
"CON","F","HYPO","MR277","s03","Ramified",35,0.343137254901961
"CON","F","HYPO","MR277","s04","Ameboid",39,0.267123287671233
"CON","F","HYPO","MR277","s04","Rod-Like",39,0.267123287671233
"CON","F","HYPO","MR277","s04","Ramified",68,0.465753424657534
"CON","F","HYPO","MR277","s05","Ameboid",28,0.202898550724638
"CON","F","HYPO","MR277","s05","Rod-Like",52,0.376811594202899
"CON","F","HYPO","MR277","s05","Ramified",58,0.420289855072464
"CON","F","HYPO","MR277","s06","Ameboid",56,0.32183908045977
"CON","F","HYPO","MR277","s06","Rod-Like",43,0.247126436781609
"CON","F","HYPO","MR277","s06","Ramified",75,0.431034482758621
"CON","F","HYPO","MR277","s07","Ameboid",53,0.333333333333333
"CON","F","HYPO","MR277","s07","Rod-Like",52,0.327044025157233
"CON","F","HYPO","MR277","s07","Ramified",54,0.339622641509434
"CON","F","HYPO","MR277","s08","Ameboid",90,0.461538461538462
"CON","F","HYPO","MR277","s08","Rod-Like",56,0.287179487179487
"CON","F","HYPO","MR277","s08","Ramified",49,0.251282051282051
"CON","F","HYPO","MR277","s09","Ameboid",41,0.394230769230769
"CON","F","HYPO","MR277","s09","Rod-Like",34,0.326923076923077
"CON","F","HYPO","MR277","s09","Ramified",29,0.278846153846154
"CON","F","HYPO","MR277","s10","Ameboid",48,0.41025641025641
"CON","F","HYPO","MR277","s10","Rod-Like",29,0.247863247863248
"CON","F","HYPO","MR277","s10","Ramified",40,0.341880341880342
"CON","F","HYPO","MR277","s11","Ameboid",34,0.314814814814815
"CON","F","HYPO","MR277","s11","Rod-Like",35,0.324074074074074
"CON","F","HYPO","MR277","s11","Ramified",39,0.361111111111111
"CON","F","HYPO","MR277","s12","Ameboid",31,0.344444444444444
"CON","F","HYPO","MR277","s12","Rod-Like",30,0.333333333333333
"CON","F","HYPO","MR277","s12","Ramified",29,0.322222222222222
"CON","F","HYPO","MR278","s01","Ameboid",21,0.25
"CON","F","HYPO","MR278","s01","Rod-Like",30,0.357142857142857
"CON","F","HYPO","MR278","s01","Ramified",33,0.392857142857143
"CON","F","HYPO","MR278","s02","Ameboid",75,0.394736842105263
"CON","F","HYPO","MR278","s02","Rod-Like",45,0.236842105263158
"CON","F","HYPO","MR278","s02","Ramified",70,0.368421052631579
"CON","F","HYPO","MR278","s03","Ameboid",42,0.368421052631579
"CON","F","HYPO","MR278","s03","Rod-Like",34,0.298245614035088
"CON","F","HYPO","MR278","s03","Ramified",38,0.333333333333333
"CON","F","HYPO","MR278","s04","Ameboid",39,0.3046875
"CON","F","HYPO","MR278","s04","Rod-Like",32,0.25
"CON","F","HYPO","MR278","s04","Ramified",57,0.4453125
"CON","F","HYPO","MR278","s05","Ameboid",34,0.28099173553719
"CON","F","HYPO","MR278","s05","Rod-Like",40,0.330578512396694
"CON","F","HYPO","MR278","s05","Ramified",47,0.388429752066116
"CON","F","HYPO","MR278","s06","Ameboid",54,0.321428571428571
"CON","F","HYPO","MR278","s06","Rod-Like",55,0.327380952380952
"CON","F","HYPO","MR278","s06","Ramified",59,0.351190476190476
"CON","F","HYPO","MR278","s07","Ameboid",67,0.44078947368421
"CON","F","HYPO","MR278","s07","Rod-Like",44,0.289473684210526
"CON","F","HYPO","MR278","s07","Ramified",41,0.269736842105263
"CON","F","HYPO","MR278","s08","Ameboid",56,0.329411764705882
"CON","F","HYPO","MR278","s08","Rod-Like",43,0.252941176470588
"CON","F","HYPO","MR278","s08","Ramified",71,0.417647058823529
"CON","F","HYPO","MR278","s09","Ameboid",42,0.371681415929204
"CON","F","HYPO","MR278","s09","Rod-Like",26,0.230088495575221
"CON","F","HYPO","MR278","s09","Ramified",45,0.398230088495575
"CON","F","HYPO","MR278","s10","Ameboid",26,0.298850574712644
"CON","F","HYPO","MR278","s10","Rod-Like",24,0.275862068965517
"CON","F","HYPO","MR278","s10","Ramified",37,0.425287356321839
"CON","F","HYPO","MR278","s11","Ameboid",21,0.228260869565217
"CON","F","HYPO","MR278","s11","Rod-Like",30,0.326086956521739
"CON","F","HYPO","MR278","s11","Ramified",41,0.445652173913043
"CON","F","HYPO","MR278","s12","Ameboid",24,0.244897959183673
"CON","F","HYPO","MR278","s12","Rod-Like",28,0.285714285714286
"CON","F","HYPO","MR278","s12","Ramified",46,0.469387755102041
"CON","F","PVN","MR156","s04","Ameboid",5,0.217391304347826
"CON","F","PVN","MR156","s04","Rod-Like",4,0.173913043478261
"CON","F","PVN","MR156","s04","Ramified",14,0.608695652173913
"CON","F","PVN","MR156","s05","Ameboid",16,0.421052631578947
"CON","F","PVN","MR156","s05","Rod-Like",6,0.157894736842105
"CON","F","PVN","MR156","s05","Ramified",16,0.421052631578947
"CON","F","PVN","MR156","s06","Ameboid",9,0.321428571428571
"CON","F","PVN","MR156","s06","Rod-Like",8,0.285714285714286
"CON","F","PVN","MR156","s06","Ramified",11,0.392857142857143
"CON","F","PVN","MR159","s04","Ameboid",4,0.5
"CON","F","PVN","MR159","s04","Rod-Like",1,0.125
"CON","F","PVN","MR159","s04","Ramified",3,0.375
"CON","F","PVN","MR159","s05","Ameboid",20,0.344827586206897
"CON","F","PVN","MR159","s05","Rod-Like",11,0.189655172413793
"CON","F","PVN","MR159","s05","Ramified",27,0.46551724137931
"CON","F","PVN","MR159","s06","Ameboid",9,0.18
"CON","F","PVN","MR159","s06","Rod-Like",9,0.18
"CON","F","PVN","MR159","s06","Ramified",32,0.64
"CON","F","PVN","MR161","s03","Ameboid",11,0.423076923076923
"CON","F","PVN","MR161","s03","Rod-Like",6,0.230769230769231
"CON","F","PVN","MR161","s03","Ramified",9,0.346153846153846
"CON","F","PVN","MR161","s04","Ameboid",19,0.475
"CON","F","PVN","MR161","s04","Rod-Like",8,0.2
"CON","F","PVN","MR161","s04","Ramified",13,0.325
"CON","F","PVN","MR161","s05","Ameboid",6,0.333333333333333
"CON","F","PVN","MR161","s05","Rod-Like",2,0.111111111111111
"CON","F","PVN","MR161","s05","Ramified",10,0.555555555555556
"CON","F","PVN","MR175","s04","Ameboid",10,0.416666666666667
"CON","F","PVN","MR175","s04","Rod-Like",3,0.125
"CON","F","PVN","MR175","s04","Ramified",11,0.458333333333333
"CON","F","PVN","MR175","s05","Ameboid",8,0.266666666666667
"CON","F","PVN","MR175","s05","Rod-Like",9,0.3
"CON","F","PVN","MR175","s05","Ramified",13,0.433333333333333
"CON","F","PVN","MR175","s06","Ameboid",10,0.384615384615385
"CON","F","PVN","MR175","s06","Rod-Like",6,0.230769230769231
"CON","F","PVN","MR175","s06","Ramified",10,0.384615384615385
"CON","F","PVN","MR277","s04","Ameboid",15,0.394736842105263
"CON","F","PVN","MR277","s04","Rod-Like",7,0.184210526315789
"CON","F","PVN","MR277","s04","Ramified",16,0.421052631578947
"CON","F","PVN","MR277","s05","Ameboid",9,0.2
"CON","F","PVN","MR277","s05","Rod-Like",8,0.177777777777778
"CON","F","PVN","MR277","s05","Ramified",28,0.622222222222222
"CON","F","PVN","MR278","s04","Ameboid",8,0.444444444444444
"CON","F","PVN","MR278","s04","Rod-Like",4,0.222222222222222
"CON","F","PVN","MR278","s04","Ramified",6,0.333333333333333
"CON","F","PVN","MR278","s05","Ameboid",15,0.375
"CON","F","PVN","MR278","s05","Rod-Like",6,0.15
"CON","F","PVN","MR278","s05","Ramified",19,0.475
"CON","F","PVN","MR278","s06","Ameboid",21,0.636363636363636
"CON","F","PVN","MR278","s06","Rod-Like",6,0.181818181818182
"CON","F","PVN","MR278","s06","Ramified",6,0.181818181818182
"CON","M","ARC","MR157","s07","Ameboid",11,0.282051282051282
"CON","M","ARC","MR157","s07","Rod-Like",8,0.205128205128205
"CON","M","ARC","MR157","s07","Ramified",20,0.512820512820513
"CON","M","ARC","MR157","s08","Ameboid",12,0.31578947368421
"CON","M","ARC","MR157","s08","Rod-Like",5,0.131578947368421
"CON","M","ARC","MR157","s08","Ramified",21,0.552631578947368
"CON","M","ARC","MR157","s09","Ameboid",10,0.333333333333333
"CON","M","ARC","MR157","s09","Rod-Like",6,0.2
"CON","M","ARC","MR157","s09","Ramified",14,0.466666666666667
"CON","M","ARC","MR157","s10","Ameboid",6,0.375
"CON","M","ARC","MR157","s10","Rod-Like",3,0.1875
"CON","M","ARC","MR157","s10","Ramified",7,0.4375
"CON","M","ARC","MR158","s07","Ameboid",18,0.391304347826087
"CON","M","ARC","MR158","s07","Rod-Like",10,0.217391304347826
"CON","M","ARC","MR158","s07","Ramified",18,0.391304347826087
"CON","M","ARC","MR158","s08","Ameboid",43,0.477777777777778
"CON","M","ARC","MR158","s08","Rod-Like",12,0.133333333333333
"CON","M","ARC","MR158","s08","Ramified",35,0.388888888888889
"CON","M","ARC","MR158","s09","Ameboid",18,0.4
"CON","M","ARC","MR158","s09","Rod-Like",10,0.222222222222222
"CON","M","ARC","MR158","s09","Ramified",17,0.377777777777778
"CON","M","ARC","MR158","s10","Ameboid",13,0.393939393939394
"CON","M","ARC","MR158","s10","Rod-Like",6,0.181818181818182
"CON","M","ARC","MR158","s10","Ramified",14,0.424242424242424
"CON","M","ARC","MR169","s06","Ameboid",15,0.3125
"CON","M","ARC","MR169","s06","Rod-Like",11,0.229166666666667
"CON","M","ARC","MR169","s06","Ramified",22,0.458333333333333
"CON","M","ARC","MR169","s07","Ameboid",17,0.309090909090909
"CON","M","ARC","MR169","s07","Rod-Like",4,0.0727272727272727
"CON","M","ARC","MR169","s07","Ramified",34,0.618181818181818
"CON","M","ARC","MR169","s08","Ameboid",11,0.478260869565217
"CON","M","ARC","MR169","s08","Rod-Like",1,0.0434782608695652
"CON","M","ARC","MR169","s08","Ramified",11,0.478260869565217
"CON","M","ARC","MR169","s09","Ameboid",12,0.307692307692308
"CON","M","ARC","MR169","s09","Rod-Like",9,0.230769230769231
"CON","M","ARC","MR169","s09","Ramified",18,0.461538461538462
"CON","M","ARC","MR169","s10","Ameboid",18,0.4
"CON","M","ARC","MR169","s10","Rod-Like",10,0.222222222222222
"CON","M","ARC","MR169","s10","Ramified",17,0.377777777777778
"CON","M","ARC","MR172","s07","Ameboid",22,0.236559139784946
"CON","M","ARC","MR172","s07","Rod-Like",34,0.365591397849462
"CON","M","ARC","MR172","s07","Ramified",37,0.397849462365591
"CON","M","ARC","MR172","s08","Ameboid",24,0.338028169014085
"CON","M","ARC","MR172","s08","Rod-Like",16,0.225352112676056
"CON","M","ARC","MR172","s08","Ramified",31,0.436619718309859
"CON","M","ARC","MR172","s09","Ameboid",15,0.454545454545455
"CON","M","ARC","MR172","s09","Rod-Like",7,0.212121212121212
"CON","M","ARC","MR172","s09","Ramified",11,0.333333333333333
"CON","M","ARC","MR172","s10","Ameboid",10,0.333333333333333
"CON","M","ARC","MR172","s10","Rod-Like",8,0.266666666666667
"CON","M","ARC","MR172","s10","Ramified",12,0.4
"CON","M","ARC","MR172","s11","Ameboid",6,0.206896551724138
"CON","M","ARC","MR172","s11","Rod-Like",11,0.379310344827586
"CON","M","ARC","MR172","s11","Ramified",12,0.413793103448276
"CON","M","ARC","MR273","s06","Ameboid",16,0.4
"CON","M","ARC","MR273","s06","Rod-Like",10,0.25
"CON","M","ARC","MR273","s06","Ramified",14,0.35
"CON","M","ARC","MR273","s07","Ameboid",27,0.457627118644068
"CON","M","ARC","MR273","s07","Rod-Like",17,0.288135593220339
"CON","M","ARC","MR273","s07","Ramified",15,0.254237288135593
"CON","M","ARC","MR273","s08","Ameboid",19,0.358490566037736
"CON","M","ARC","MR273","s08","Rod-Like",7,0.132075471698113
"CON","M","ARC","MR273","s08","Ramified",27,0.509433962264151
"CON","M","ARC","MR273","s09","Ameboid",11,0.366666666666667
"CON","M","ARC","MR273","s09","Rod-Like",6,0.2
"CON","M","ARC","MR273","s09","Ramified",13,0.433333333333333
"CON","M","ARC","MR273","s10","Ameboid",9,0.333333333333333
"CON","M","ARC","MR273","s10","Rod-Like",6,0.222222222222222
"CON","M","ARC","MR273","s10","Ramified",12,0.444444444444444
"CON","M","ARC","MR274","s06","Ameboid",4,0.210526315789474
"CON","M","ARC","MR274","s06","Rod-Like",3,0.157894736842105
"CON","M","ARC","MR274","s06","Ramified",12,0.631578947368421
"CON","M","ARC","MR274","s07","Ameboid",15,0.294117647058824
"CON","M","ARC","MR274","s07","Rod-Like",13,0.254901960784314
"CON","M","ARC","MR274","s07","Ramified",23,0.450980392156863
"CON","M","ARC","MR274","s08","Ameboid",15,0.319148936170213
"CON","M","ARC","MR274","s08","Rod-Like",7,0.148936170212766
"CON","M","ARC","MR274","s08","Ramified",25,0.531914893617021
"CON","M","ARC","MR274","s09","Ameboid",12,0.333333333333333
"CON","M","ARC","MR274","s09","Rod-Like",9,0.25
"CON","M","ARC","MR274","s09","Ramified",15,0.416666666666667
"CON","M","ARC","MR274","s10","Ameboid",10,0.37037037037037
"CON","M","ARC","MR274","s10","Rod-Like",8,0.296296296296296
"CON","M","ARC","MR274","s10","Ramified",9,0.333333333333333
"CON","M","HYPO","MR157","s01","Ameboid",15,0.306122448979592
"CON","M","HYPO","MR157","s01","Rod-Like",17,0.346938775510204
"CON","M","HYPO","MR157","s01","Ramified",17,0.346938775510204
"CON","M","HYPO","MR157","s02","Ameboid",30,0.297029702970297
"CON","M","HYPO","MR157","s02","Rod-Like",34,0.336633663366337
"CON","M","HYPO","MR157","s02","Ramified",37,0.366336633663366
"CON","M","HYPO","MR157","s03","Ameboid",18,0.204545454545455
"CON","M","HYPO","MR157","s03","Rod-Like",24,0.272727272727273
"CON","M","HYPO","MR157","s03","Ramified",46,0.522727272727273
"CON","M","HYPO","MR157","s04","Ameboid",22,0.2
"CON","M","HYPO","MR157","s04","Rod-Like",22,0.2
"CON","M","HYPO","MR157","s04","Ramified",66,0.6
"CON","M","HYPO","MR157","s05","Ameboid",38,0.368932038834951
"CON","M","HYPO","MR157","s05","Rod-Like",25,0.242718446601942
"CON","M","HYPO","MR157","s05","Ramified",40,0.388349514563107
"CON","M","HYPO","MR157","s06","Ameboid",45,0.304054054054054
"CON","M","HYPO","MR157","s06","Rod-Like",45,0.304054054054054
"CON","M","HYPO","MR157","s06","Ramified",58,0.391891891891892
"CON","M","HYPO","MR157","s07","Ameboid",20,0.147058823529412
"CON","M","HYPO","MR157","s07","Rod-Like",30,0.220588235294118
"CON","M","HYPO","MR157","s07","Ramified",86,0.63235294117647
"CON","M","HYPO","MR157","s08","Ameboid",36,0.246575342465753
"CON","M","HYPO","MR157","s08","Rod-Like",37,0.253424657534247
"CON","M","HYPO","MR157","s08","Ramified",73,0.5
"CON","M","HYPO","MR157","s09","Ameboid",16,0.225352112676056
"CON","M","HYPO","MR157","s09","Rod-Like",22,0.309859154929577
"CON","M","HYPO","MR157","s09","Ramified",33,0.464788732394366
"CON","M","HYPO","MR157","s10","Ameboid",16,0.25
"CON","M","HYPO","MR157","s10","Rod-Like",17,0.265625
"CON","M","HYPO","MR157","s10","Ramified",31,0.484375
"CON","M","HYPO","MR157","s11","Ameboid",14,0.229508196721311
"CON","M","HYPO","MR157","s11","Rod-Like",18,0.295081967213115
"CON","M","HYPO","MR157","s11","Ramified",29,0.475409836065574
"CON","M","HYPO","MR157","s12","Ameboid",9,0.130434782608696
"CON","M","HYPO","MR157","s12","Rod-Like",25,0.36231884057971
"CON","M","HYPO","MR157","s12","Ramified",35,0.507246376811594
"CON","M","HYPO","MR158","s01","Ameboid",24,0.252631578947368
"CON","M","HYPO","MR158","s01","Rod-Like",22,0.231578947368421
"CON","M","HYPO","MR158","s01","Ramified",49,0.515789473684211
"CON","M","HYPO","MR158","s02","Ameboid",28,0.271844660194175
"CON","M","HYPO","MR158","s02","Rod-Like",25,0.242718446601942
"CON","M","HYPO","MR158","s02","Ramified",50,0.485436893203884
"CON","M","HYPO","MR158","s03","Ameboid",38,0.301587301587302
"CON","M","HYPO","MR158","s03","Rod-Like",33,0.261904761904762
"CON","M","HYPO","MR158","s03","Ramified",55,0.436507936507937
"CON","M","HYPO","MR158","s04","Ameboid",27,0.230769230769231
"CON","M","HYPO","MR158","s04","Rod-Like",23,0.196581196581197
"CON","M","HYPO","MR158","s04","Ramified",67,0.572649572649573
"CON","M","HYPO","MR158","s05","Ameboid",34,0.276422764227642
"CON","M","HYPO","MR158","s05","Rod-Like",25,0.203252032520325
"CON","M","HYPO","MR158","s05","Ramified",64,0.520325203252033
"CON","M","HYPO","MR158","s06","Ameboid",39,0.26
"CON","M","HYPO","MR158","s06","Rod-Like",42,0.28
"CON","M","HYPO","MR158","s06","Ramified",69,0.46
"CON","M","HYPO","MR158","s07","Ameboid",67,0.401197604790419
"CON","M","HYPO","MR158","s07","Rod-Like",44,0.263473053892216
"CON","M","HYPO","MR158","s07","Ramified",56,0.335329341317365
"CON","M","HYPO","MR158","s08","Ameboid",59,0.312169312169312
"CON","M","HYPO","MR158","s08","Rod-Like",48,0.253968253968254
"CON","M","HYPO","MR158","s08","Ramified",82,0.433862433862434
"CON","M","HYPO","MR158","s09","Ameboid",48,0.307692307692308
"CON","M","HYPO","MR158","s09","Rod-Like",35,0.224358974358974
"CON","M","HYPO","MR158","s09","Ramified",73,0.467948717948718
"CON","M","HYPO","MR158","s10","Ameboid",26,0.288888888888889
"CON","M","HYPO","MR158","s10","Rod-Like",23,0.255555555555556
"CON","M","HYPO","MR158","s10","Ramified",41,0.455555555555556
"CON","M","HYPO","MR158","s11","Ameboid",10,0.144927536231884
"CON","M","HYPO","MR158","s11","Rod-Like",26,0.376811594202899
"CON","M","HYPO","MR158","s11","Ramified",33,0.478260869565217
"CON","M","HYPO","MR158","s12","Ameboid",23,0.302631578947368
"CON","M","HYPO","MR158","s12","Rod-Like",18,0.236842105263158
"CON","M","HYPO","MR158","s12","Ramified",35,0.460526315789474
"CON","M","HYPO","MR169","s01","Ameboid",38,0.387755102040816
"CON","M","HYPO","MR169","s01","Rod-Like",28,0.285714285714286
"CON","M","HYPO","MR169","s01","Ramified",32,0.326530612244898
"CON","M","HYPO","MR169","s02","Ameboid",26,0.234234234234234
"CON","M","HYPO","MR169","s02","Rod-Like",29,0.261261261261261
"CON","M","HYPO","MR169","s02","Ramified",56,0.504504504504504
"CON","M","HYPO","MR169","s03","Ameboid",33,0.28695652173913
"CON","M","HYPO","MR169","s03","Rod-Like",27,0.234782608695652
"CON","M","HYPO","MR169","s03","Ramified",55,0.478260869565217
"CON","M","HYPO","MR169","s04","Ameboid",40,0.350877192982456
"CON","M","HYPO","MR169","s04","Rod-Like",20,0.175438596491228
"CON","M","HYPO","MR169","s04","Ramified",54,0.473684210526316
"CON","M","HYPO","MR169","s05","Ameboid",29,0.195945945945946
"CON","M","HYPO","MR169","s05","Rod-Like",38,0.256756756756757
"CON","M","HYPO","MR169","s05","Ramified",81,0.547297297297297
"CON","M","HYPO","MR169","s06","Ameboid",33,0.244444444444444
"CON","M","HYPO","MR169","s06","Rod-Like",35,0.259259259259259
"CON","M","HYPO","MR169","s06","Ramified",67,0.496296296296296
"CON","M","HYPO","MR169","s07","Ameboid",50,0.31055900621118
"CON","M","HYPO","MR169","s07","Rod-Like",35,0.217391304347826
"CON","M","HYPO","MR169","s07","Ramified",76,0.472049689440994
"CON","M","HYPO","MR169","s08","Ameboid",48,0.360902255639098
"CON","M","HYPO","MR169","s08","Rod-Like",35,0.263157894736842
"CON","M","HYPO","MR169","s08","Ramified",50,0.37593984962406
"CON","M","HYPO","MR169","s09","Ameboid",35,0.28
"CON","M","HYPO","MR169","s09","Rod-Like",40,0.32
"CON","M","HYPO","MR169","s09","Ramified",50,0.4
"CON","M","HYPO","MR169","s10","Ameboid",46,0.362204724409449
"CON","M","HYPO","MR169","s10","Rod-Like",35,0.275590551181102
"CON","M","HYPO","MR169","s10","Ramified",46,0.362204724409449
"CON","M","HYPO","MR169","s11","Ameboid",36,0.346153846153846
"CON","M","HYPO","MR169","s11","Rod-Like",29,0.278846153846154
"CON","M","HYPO","MR169","s11","Ramified",39,0.375
"CON","M","HYPO","MR169","s12","Ameboid",29,0.239669421487603
"CON","M","HYPO","MR169","s12","Rod-Like",40,0.330578512396694
"CON","M","HYPO","MR169","s12","Ramified",52,0.429752066115702
"CON","M","HYPO","MR172","s01","Ameboid",22,0.309859154929577
"CON","M","HYPO","MR172","s01","Rod-Like",15,0.211267605633803
"CON","M","HYPO","MR172","s01","Ramified",34,0.47887323943662
"CON","M","HYPO","MR172","s02","Ameboid",25,0.2
"CON","M","HYPO","MR172","s02","Rod-Like",32,0.256
"CON","M","HYPO","MR172","s02","Ramified",68,0.544
"CON","M","HYPO","MR172","s03","Ameboid",29,0.245762711864407
"CON","M","HYPO","MR172","s03","Rod-Like",42,0.35593220338983
"CON","M","HYPO","MR172","s03","Ramified",47,0.398305084745763
"CON","M","HYPO","MR172","s04","Ameboid",40,0.327868852459016
"CON","M","HYPO","MR172","s04","Rod-Like",25,0.204918032786885
"CON","M","HYPO","MR172","s04","Ramified",57,0.467213114754098
"CON","M","HYPO","MR172","s05","Ameboid",30,0.230769230769231
"CON","M","HYPO","MR172","s05","Rod-Like",32,0.246153846153846
"CON","M","HYPO","MR172","s05","Ramified",68,0.523076923076923
"CON","M","HYPO","MR172","s06","Ameboid",47,0.284848484848485
"CON","M","HYPO","MR172","s06","Rod-Like",41,0.248484848484848
"CON","M","HYPO","MR172","s06","Ramified",77,0.466666666666667
"CON","M","HYPO","MR172","s07","Ameboid",47,0.274853801169591
"CON","M","HYPO","MR172","s07","Rod-Like",50,0.292397660818713
"CON","M","HYPO","MR172","s07","Ramified",74,0.432748538011696
"CON","M","HYPO","MR172","s08","Ameboid",54,0.26865671641791
"CON","M","HYPO","MR172","s08","Rod-Like",53,0.263681592039801
"CON","M","HYPO","MR172","s08","Ramified",94,0.467661691542289
"CON","M","HYPO","MR172","s09","Ameboid",24,0.242424242424242
"CON","M","HYPO","MR172","s09","Rod-Like",28,0.282828282828283
"CON","M","HYPO","MR172","s09","Ramified",47,0.474747474747475
"CON","M","HYPO","MR172","s10","Ameboid",18,0.193548387096774
"CON","M","HYPO","MR172","s10","Rod-Like",29,0.311827956989247
"CON","M","HYPO","MR172","s10","Ramified",46,0.494623655913978
"CON","M","HYPO","MR172","s11","Ameboid",23,0.283950617283951
"CON","M","HYPO","MR172","s11","Rod-Like",23,0.283950617283951
"CON","M","HYPO","MR172","s11","Ramified",35,0.432098765432099
"CON","M","HYPO","MR172","s12","Ameboid",28,0.307692307692308
"CON","M","HYPO","MR172","s12","Rod-Like",32,0.351648351648352
"CON","M","HYPO","MR172","s12","Ramified",31,0.340659340659341
"CON","M","HYPO","MR273","s01","Ameboid",54,0.461538461538462
"CON","M","HYPO","MR273","s01","Rod-Like",24,0.205128205128205
"CON","M","HYPO","MR273","s01","Ramified",39,0.333333333333333
"CON","M","HYPO","MR273","s02","Ameboid",60,0.425531914893617
"CON","M","HYPO","MR273","s02","Rod-Like",28,0.198581560283688
"CON","M","HYPO","MR273","s02","Ramified",53,0.375886524822695
"CON","M","HYPO","MR273","s03","Ameboid",41,0.436170212765957
"CON","M","HYPO","MR273","s03","Rod-Like",26,0.276595744680851
"CON","M","HYPO","MR273","s03","Ramified",27,0.287234042553192
"CON","M","HYPO","MR273","s04","Ameboid",56,0.424242424242424
"CON","M","HYPO","MR273","s04","Rod-Like",33,0.25
"CON","M","HYPO","MR273","s04","Ramified",43,0.325757575757576
"CON","M","HYPO","MR273","s05","Ameboid",51,0.380597014925373
"CON","M","HYPO","MR273","s05","Rod-Like",34,0.253731343283582
"CON","M","HYPO","MR273","s05","Ramified",49,0.365671641791045
"CON","M","HYPO","MR273","s06","Ameboid",67,0.336683417085427
"CON","M","HYPO","MR273","s06","Rod-Like",67,0.336683417085427
"CON","M","HYPO","MR273","s06","Ramified",65,0.326633165829146
"CON","M","HYPO","MR273","s07","Ameboid",75,0.520833333333333
"CON","M","HYPO","MR273","s07","Rod-Like",30,0.208333333333333
"CON","M","HYPO","MR273","s07","Ramified",39,0.270833333333333
"CON","M","HYPO","MR273","s08","Ameboid",67,0.507575757575758
"CON","M","HYPO","MR273","s08","Rod-Like",30,0.227272727272727
"CON","M","HYPO","MR273","s08","Ramified",35,0.265151515151515
"CON","M","HYPO","MR273","s09","Ameboid",58,0.408450704225352
"CON","M","HYPO","MR273","s09","Rod-Like",51,0.359154929577465
"CON","M","HYPO","MR273","s09","Ramified",33,0.232394366197183
"CON","M","HYPO","MR273","s10","Ameboid",39,0.312
"CON","M","HYPO","MR273","s10","Rod-Like",46,0.368
"CON","M","HYPO","MR273","s10","Ramified",40,0.32
"CON","M","HYPO","MR273","s11","Ameboid",40,0.396039603960396
"CON","M","HYPO","MR273","s11","Rod-Like",37,0.366336633663366
"CON","M","HYPO","MR273","s11","Ramified",24,0.237623762376238
"CON","M","HYPO","MR273","s12","Ameboid",21,0.287671232876712
"CON","M","HYPO","MR273","s12","Rod-Like",26,0.356164383561644
"CON","M","HYPO","MR273","s12","Ramified",26,0.356164383561644
"CON","M","HYPO","MR274","s01","Ameboid",24,0.51063829787234
"CON","M","HYPO","MR274","s01","Rod-Like",9,0.191489361702128
"CON","M","HYPO","MR274","s01","Ramified",14,0.297872340425532
"CON","M","HYPO","MR274","s02","Ameboid",52,0.37410071942446
"CON","M","HYPO","MR274","s02","Rod-Like",42,0.302158273381295
"CON","M","HYPO","MR274","s02","Ramified",45,0.323741007194245
"CON","M","HYPO","MR274","s03","Ameboid",71,0.482993197278912
"CON","M","HYPO","MR274","s03","Rod-Like",40,0.272108843537415
"CON","M","HYPO","MR274","s03","Ramified",36,0.244897959183673
"CON","M","HYPO","MR274","s04","Ameboid",46,0.418181818181818
"CON","M","HYPO","MR274","s04","Rod-Like",32,0.290909090909091
"CON","M","HYPO","MR274","s04","Ramified",32,0.290909090909091
"CON","M","HYPO","MR274","s05","Ameboid",56,0.448
"CON","M","HYPO","MR274","s05","Rod-Like",31,0.248
"CON","M","HYPO","MR274","s05","Ramified",38,0.304
"CON","M","HYPO","MR274","s06","Ameboid",50,0.359712230215827
"CON","M","HYPO","MR274","s06","Rod-Like",40,0.287769784172662
"CON","M","HYPO","MR274","s06","Ramified",49,0.352517985611511
"CON","M","HYPO","MR274","s07","Ameboid",84,0.424242424242424
"CON","M","HYPO","MR274","s07","Rod-Like",55,0.277777777777778
"CON","M","HYPO","MR274","s07","Ramified",59,0.297979797979798
"CON","M","HYPO","MR274","s08","Ameboid",74,0.415730337078652
"CON","M","HYPO","MR274","s08","Rod-Like",50,0.280898876404494
"CON","M","HYPO","MR274","s08","Ramified",54,0.303370786516854
"CON","M","HYPO","MR274","s09","Ameboid",52,0.412698412698413
"CON","M","HYPO","MR274","s09","Rod-Like",37,0.293650793650794
"CON","M","HYPO","MR274","s09","Ramified",37,0.293650793650794
"CON","M","HYPO","MR274","s10","Ameboid",57,0.475
"CON","M","HYPO","MR274","s10","Rod-Like",25,0.208333333333333
"CON","M","HYPO","MR274","s10","Ramified",38,0.316666666666667
"CON","M","HYPO","MR274","s11","Ameboid",39,0.453488372093023
"CON","M","HYPO","MR274","s11","Rod-Like",21,0.244186046511628
"CON","M","HYPO","MR274","s11","Ramified",26,0.302325581395349
"CON","M","HYPO","MR274","s12","Ameboid",24,0.282352941176471
"CON","M","HYPO","MR274","s12","Rod-Like",21,0.247058823529412
"CON","M","HYPO","MR274","s12","Ramified",40,0.470588235294118
"CON","M","PVN","MR157","s04","Ameboid",17,0.515151515151515
"CON","M","PVN","MR157","s04","Rod-Like",8,0.242424242424242
"CON","M","PVN","MR157","s04","Ramified",8,0.242424242424242
"CON","M","PVN","MR157","s05","Ameboid",26,0.426229508196721
"CON","M","PVN","MR157","s05","Rod-Like",16,0.262295081967213
"CON","M","PVN","MR157","s05","Ramified",19,0.311475409836066
"CON","M","PVN","MR158","s04","Ramified",10,1
"CON","M","PVN","MR158","s05","Ameboid",15,0.454545454545455
"CON","M","PVN","MR158","s05","Rod-Like",4,0.121212121212121
"CON","M","PVN","MR158","s05","Ramified",14,0.424242424242424
"CON","M","PVN","MR158","s06","Ameboid",6,0.272727272727273
"CON","M","PVN","MR158","s06","Rod-Like",3,0.136363636363636
"CON","M","PVN","MR158","s06","Ramified",13,0.590909090909091
"CON","M","PVN","MR169","s04","Ameboid",7,0.368421052631579
"CON","M","PVN","MR169","s04","Rod-Like",3,0.157894736842105
"CON","M","PVN","MR169","s04","Ramified",9,0.473684210526316
"CON","M","PVN","MR169","s05","Ameboid",15,0.405405405405405
"CON","M","PVN","MR169","s05","Rod-Like",5,0.135135135135135
"CON","M","PVN","MR169","s05","Ramified",17,0.45945945945946
"CON","M","PVN","MR169","s06","Ameboid",10,0.4
"CON","M","PVN","MR169","s06","Rod-Like",4,0.16
"CON","M","PVN","MR169","s06","Ramified",11,0.44
"CON","M","PVN","MR172","s04","Ameboid",2,0.1
"CON","M","PVN","MR172","s04","Rod-Like",6,0.3
"CON","M","PVN","MR172","s04","Ramified",12,0.6
"CON","M","PVN","MR172","s05","Ameboid",16,0.372093023255814
"CON","M","PVN","MR172","s05","Rod-Like",11,0.255813953488372
"CON","M","PVN","MR172","s05","Ramified",16,0.372093023255814
"CON","M","PVN","MR273","s04","Ameboid",6,0.5
"CON","M","PVN","MR273","s04","Rod-Like",2,0.166666666666667
"CON","M","PVN","MR273","s04","Ramified",4,0.333333333333333
"CON","M","PVN","MR273","s05","Ameboid",5,0.3125
"CON","M","PVN","MR273","s05","Rod-Like",2,0.125
"CON","M","PVN","MR273","s05","Ramified",9,0.5625
"CON","M","PVN","MR273","s06","Ameboid",19,0.513513513513513
"CON","M","PVN","MR273","s06","Rod-Like",6,0.162162162162162
"CON","M","PVN","MR273","s06","Ramified",12,0.324324324324324
"CON","M","PVN","MR274","s04","Ameboid",7,0.368421052631579
"CON","M","PVN","MR274","s04","Rod-Like",5,0.263157894736842
"CON","M","PVN","MR274","s04","Ramified",7,0.368421052631579
"CON","M","PVN","MR274","s05","Ameboid",21,0.525
"CON","M","PVN","MR274","s05","Rod-Like",6,0.15
"CON","M","PVN","MR274","s05","Ramified",13,0.325
"CON","M","PVN","MR274","s06","Ameboid",15,0.5
"CON","M","PVN","MR274","s06","Rod-Like",10,0.333333333333333
"CON","M","PVN","MR274","s06","Ramified",5,0.166666666666667
